"","locus_tag","sample","rpkm"
"1","GKGPCAPO_01438","ERR525692",0.981767479311378
"2","GKGPCAPO_01438","ERR525697",1.89238534205023
"3","GKGPCAPO_01438","ERR525699",7.24740597621889
"4","GKGPCAPO_01438","ERR525706",5.46778905133034
"5","GKGPCAPO_01438","ERR525712",24.6846966769689
"6","GKGPCAPO_01438","ERR525716",0.10391598461644
"7","GKGPCAPO_01438","ERR525720",2.11605828997648
"8","GKGPCAPO_01438","ERR525725",1.94656804677204
"9","GKGPCAPO_01438","ERR525729",3.63590570065138
"10","GKGPCAPO_01438","ERR525733",8.57064382281009
"11","GKGPCAPO_01438","ERR525737",1.89796587611352
"12","GKGPCAPO_01438","ERR525741",2.30393189537295
"13","GKGPCAPO_01438","ERR525746",14.3177820398001
"14","GKGPCAPO_01438","ERR525751",3.23161115094921
"15","GKGPCAPO_01438","ERR525753",0.717326097456312
"16","GKGPCAPO_01438","ERR525757",1.06891848198079
"17","GKGPCAPO_01438","ERR525759",5.18337090654352
"18","GKGPCAPO_01438","ERR525763",3.24782003230472
"19","GKGPCAPO_01438","ERR525771",2.56893896964336
"20","GKGPCAPO_01438","ERR525775",6.32575659591713
"21","GKGPCAPO_01438","ERR525779",15.7185369151348
"22","GKGPCAPO_01438","ERR525787",3.5798713294429
"23","GKGPCAPO_01438","ERR525799",4.16806306880645
"24","GKGPCAPO_01438","ERR525809",4.38831370134152
"25","GKGPCAPO_01438","ERR525813",1.61065171871632
"26","GKGPCAPO_01438","ERR525815",4.53806028633162
"27","GKGPCAPO_01438","ERR525819",2.5946165074438
"28","GKGPCAPO_01438","ERR525823",20.4219045060492
"29","GKGPCAPO_01438","ERR525831",2.46565410280544
"30","GKGPCAPO_01438","ERR525835",2.65707337410475
"31","GKGPCAPO_01438","ERR525839",2.81503174604055
"32","GKGPCAPO_01438","ERR525847",0.31675689150959
"33","GKGPCAPO_01438","ERR525851",4.65975859753396
"34","GKGPCAPO_01438","ERR525855",5.29074146090693
"35","GKGPCAPO_01438","ERR525859",0.112516280335731
"36","GKGPCAPO_01438","ERR525863",2.87320676437949
"37","GKGPCAPO_01438","ERR525867",6.11647701994475
"38","GKGPCAPO_01438","ERR525871",8.63804505545497
"39","GKGPCAPO_01438","ERR525875",2.02492926743306
"40","GKGPCAPO_01438","ERR525879",9.98720476583367
"41","GKGPCAPO_01438","ERR525884",4.83617173121535
"42","GKGPCAPO_01438","ERR525889",0
"43","GKGPCAPO_01438","ERR525893",8.40209597279275
"44","GKGPCAPO_01438","ERR525895",7.65192116000674
"45","GKGPCAPO_01438","ERR525901",1.88315267871671
"46","GKGPCAPO_01438","ERR525903",0.0538622812303227
"47","GKGPCAPO_01438","ERR525911",9.10634978046534
"48","GKGPCAPO_01438","ERR525915",11.3125658010286
"49","GKGPCAPO_01438","ERR525919",4.73563402747036
"50","GKGPCAPO_01438","ERR525923",7.05371214238218
"51","GKGPCAPO_01438","ERR525928",1.88866070312048
"52","GKGPCAPO_01438","ERR525931",3.93257380857473
"53","GKGPCAPO_01438","ERR525935",4.84016812298843
"54","GKGPCAPO_01438","ERR525953",7.7457815190952
"55","GKGPCAPO_01438","ERR525955",0.405578696850785
"56","GKGPCAPO_01438","ERR525959",2.94123105388093
"57","GKGPCAPO_01438","ERR525967",1.7815949534996
"58","GKGPCAPO_01438","ERR525971",4.10922619948536
"59","GKGPCAPO_01438","ERR525975",1.57585387350946
"60","GKGPCAPO_01438","ERR525987",0
"61","GKGPCAPO_01438","ERR525991",1.27523766947166
"62","GKGPCAPO_01438","ERR525995",1.76156787714741
"63","GKGPCAPO_01438","ERR525999",0.982289122248416
"64","GKGPCAPO_01438","ERR526003",4.54093569086294
"65","GKGPCAPO_01438","ERR526007",1.4823450592426
"66","GKGPCAPO_01438","ERR526011",1.54608998107298
"67","GKGPCAPO_01438","ERR526015",0.334214227789374
"68","GKGPCAPO_01438","ERR526019",2.12963001010381
"69","GKGPCAPO_01438","ERR526027",1.24469586471114
"70","GKGPCAPO_01438","ERR526035",2.09923644011132
"71","GKGPCAPO_01438","ERR526039",1.14723419984022
"72","GKGPCAPO_01438","ERR526043",5.79407230944369
"73","GKGPCAPO_01438","ERR526047",0.0836190055410084
"74","GKGPCAPO_01438","ERR526051",2.51462064326954
"75","GKGPCAPO_01438","ERR526063",6.31922807540536
"76","GKGPCAPO_01438","ERR526067",1.205174518633
"77","GKGPCAPO_01438","ERR526073",0.761886254599229
"78","GKGPCAPO_01438","ERR526075",6.9725754539201
"79","GKGPCAPO_01438","ERR526079",19.2578574429796
"80","GKGPCAPO_01438","ERR526083",1.37027023110647
"81","GKGPCAPO_01438","ERR526087",4.48995011773881
"82","GKGPCAPO_01438","ERR7738276",6.19700353061952
"83","GKGPCAPO_01438","ERR7738514",1.14311278516248
"84","GKGPCAPO_01438","ERR7738546",1.78442096255337
"85","GKGPCAPO_01438","ERR7738547",0.830495539734339
"86","GKGPCAPO_01438","ERR7738549",0.735575340801706
"87","GKGPCAPO_01438","ERR7738562",3.13534562625164
"88","GKGPCAPO_01438","ERR7738578",2.05074550150979
"89","GKGPCAPO_01438","ERR7738597",1.02424679983161
"90","GKGPCAPO_01438","ERR7738620",2.20144305803248
"91","GKGPCAPO_01438","ERR7738633",3.62152531821774
"92","GKGPCAPO_01438","ERR7738665",0.494711148240282
"93","GKGPCAPO_01438","ERR7738937",4.04183643358275
"94","GKGPCAPO_01438","mean_rpkm_FBEB",4.10018600561749
"95","GKGPCAPO_01437","ERR525692",0.667098415429526
"96","GKGPCAPO_01437","ERR525697",0.794202445588952
"97","GKGPCAPO_01437","ERR525699",6.64237506586072
"98","GKGPCAPO_01437","ERR525706",4.09440404628661
"99","GKGPCAPO_01437","ERR525712",18.1224814094694
"100","GKGPCAPO_01437","ERR525716",0.31774310680796
"101","GKGPCAPO_01437","ERR525720",2.36546962688437
"102","GKGPCAPO_01437","ERR525725",1.5588587517419
"103","GKGPCAPO_01437","ERR525729",3.58229939865459
"104","GKGPCAPO_01437","ERR525733",5.18668168844337
"105","GKGPCAPO_01437","ERR525737",1.7343481281727
"106","GKGPCAPO_01437","ERR525741",1.61022053346944
"107","GKGPCAPO_01437","ERR525746",14.9673066688246
"108","GKGPCAPO_01437","ERR525751",1.52019577810924
"109","GKGPCAPO_01437","ERR525753",0.265862120036255
"110","GKGPCAPO_01437","ERR525757",0.544737303317136
"111","GKGPCAPO_01437","ERR525759",3.84221899366163
"112","GKGPCAPO_01437","ERR525763",3.02242783942739
"113","GKGPCAPO_01437","ERR525771",1.30917082106825
"114","GKGPCAPO_01437","ERR525775",7.1030741437205
"115","GKGPCAPO_01437","ERR525779",10.9857027231052
"116","GKGPCAPO_01437","ERR525787",1.28778176783127
"117","GKGPCAPO_01437","ERR525799",3.98812314040429
"118","GKGPCAPO_01437","ERR525809",5.71919572551887
"119","GKGPCAPO_01437","ERR525813",1.27682005906785
"120","GKGPCAPO_01437","ERR525815",3.75026811604329
"121","GKGPCAPO_01437","ERR525819",1.23000603662363
"122","GKGPCAPO_01437","ERR525823",15.0705357836241
"123","GKGPCAPO_01437","ERR525831",3.1043812402969
"124","GKGPCAPO_01437","ERR525835",1.41856572994787
"125","GKGPCAPO_01437","ERR525839",1.72150018315557
"126","GKGPCAPO_01437","ERR525847",0.516557392307947
"127","GKGPCAPO_01437","ERR525851",4.68604441526364
"128","GKGPCAPO_01437","ERR525855",5.50253723367479
"129","GKGPCAPO_01437","ERR525859",0.229360109915145
"130","GKGPCAPO_01437","ERR525863",0.706869833942169
"131","GKGPCAPO_01437","ERR525867",5.41072967148958
"132","GKGPCAPO_01437","ERR525871",2.44821597828403
"133","GKGPCAPO_01437","ERR525875",2.57983776860461
"134","GKGPCAPO_01437","ERR525879",7.70037768812485
"135","GKGPCAPO_01437","ERR525884",4.86165208807106
"136","GKGPCAPO_01437","ERR525889",0
"137","GKGPCAPO_01437","ERR525893",6.37296724948859
"138","GKGPCAPO_01437","ERR525895",4.33933412225946
"139","GKGPCAPO_01437","ERR525901",3.04840665525296
"140","GKGPCAPO_01437","ERR525903",0.219592377323623
"141","GKGPCAPO_01437","ERR525911",8.46251848942565
"142","GKGPCAPO_01437","ERR525915",8.36153388258648
"143","GKGPCAPO_01437","ERR525919",3.26312377190807
"144","GKGPCAPO_01437","ERR525923",4.4094744110584
"145","GKGPCAPO_01437","ERR525928",1.1374888325612
"146","GKGPCAPO_01437","ERR525931",3.9445780021296
"147","GKGPCAPO_01437","ERR525935",4.26915716469209
"148","GKGPCAPO_01437","ERR525953",4.07470392567787
"149","GKGPCAPO_01437","ERR525955",0
"150","GKGPCAPO_01437","ERR525959",1.26829711864836
"151","GKGPCAPO_01437","ERR525967",1.00185180408996
"152","GKGPCAPO_01437","ERR525971",5.42008795090489
"153","GKGPCAPO_01437","ERR525975",1.11732783004684
"154","GKGPCAPO_01437","ERR525987",0
"155","GKGPCAPO_01437","ERR525991",2.59952294161531
"156","GKGPCAPO_01437","ERR525995",1.43635534598173
"157","GKGPCAPO_01437","ERR525999",0.858153683722517
"158","GKGPCAPO_01437","ERR526003",1.69485627898405
"159","GKGPCAPO_01437","ERR526007",0.539589891070453
"160","GKGPCAPO_01437","ERR526011",1.78136454341017
"161","GKGPCAPO_01437","ERR526015",0
"162","GKGPCAPO_01437","ERR526019",4.1964632378584
"163","GKGPCAPO_01437","ERR526027",1.2686323236479
"164","GKGPCAPO_01437","ERR526035",1.88285360705369
"165","GKGPCAPO_01437","ERR526039",0.584648197995497
"166","GKGPCAPO_01437","ERR526043",6.72951958301666
"167","GKGPCAPO_01437","ERR526047",0.511362380039244
"168","GKGPCAPO_01437","ERR526051",2.4937090370885
"169","GKGPCAPO_01437","ERR526063",7.11166332684842
"170","GKGPCAPO_01437","ERR526067",1.84252642752545
"171","GKGPCAPO_01437","ERR526073",1.86369099201965
"172","GKGPCAPO_01437","ERR526075",6.68862441733511
"173","GKGPCAPO_01437","ERR526079",18.0132223039555
"174","GKGPCAPO_01437","ERR526083",1.70698193319459
"175","GKGPCAPO_01437","ERR526087",3.96979834320929
"176","GKGPCAPO_01437","ERR7738276",1.50115409775011
"177","GKGPCAPO_01437","ERR7738514",0.416981627300161
"178","GKGPCAPO_01437","ERR7738546",1.21249116686319
"179","GKGPCAPO_01437","ERR7738547",0.258642574607436
"180","GKGPCAPO_01437","ERR7738549",0.28114538266219
"181","GKGPCAPO_01437","ERR7738562",2.38820126062009
"182","GKGPCAPO_01437","ERR7738578",0.857510939487328
"183","GKGPCAPO_01437","ERR7738597",0.988999440323239
"184","GKGPCAPO_01437","ERR7738620",2.18027533632063
"185","GKGPCAPO_01437","ERR7738633",3.07089077364871
"186","GKGPCAPO_01437","ERR7738665",0.336149882778653
"187","GKGPCAPO_01437","ERR7738937",1.24485269021381
"188","GKGPCAPO_01437","mean_rpkm_FBEB",3.29750017770401
"189","GKGPCAPO_01436","ERR525692",0.68017877651638
"190","GKGPCAPO_01436","ERR525697",1.40153372750992
"191","GKGPCAPO_01436","ERR525699",7.65736949783133
"192","GKGPCAPO_01436","ERR525706",5.86507769157613
"193","GKGPCAPO_01436","ERR525712",23.1728850730178
"194","GKGPCAPO_01436","ERR525716",0.332280373132507
"195","GKGPCAPO_01436","ERR525720",2.59192173649384
"196","GKGPCAPO_01436","ERR525725",1.69501575501347
"197","GKGPCAPO_01436","ERR525729",3.80271132920062
"198","GKGPCAPO_01436","ERR525733",10.2770163486184
"199","GKGPCAPO_01436","ERR525737",4.05466002815638
"200","GKGPCAPO_01436","ERR525741",3.23622754275722
"201","GKGPCAPO_01436","ERR525746",17.6330524644159
"202","GKGPCAPO_01436","ERR525751",3.27885363905915
"203","GKGPCAPO_01436","ERR525753",0.677687756955161
"204","GKGPCAPO_01436","ERR525757",0.833127640367384
"205","GKGPCAPO_01436","ERR525759",6.14472522883386
"206","GKGPCAPO_01436","ERR525763",3.38647376966654
"207","GKGPCAPO_01436","ERR525771",1.71989107865829
"208","GKGPCAPO_01436","ERR525775",6.34241311173837
"209","GKGPCAPO_01436","ERR525779",15.6528313309604
"210","GKGPCAPO_01436","ERR525787",2.46894979453489
"211","GKGPCAPO_01436","ERR525799",2.71994758083839
"212","GKGPCAPO_01436","ERR525809",4.57190608525641
"213","GKGPCAPO_01436","ERR525813",1.23390173775464
"214","GKGPCAPO_01436","ERR525815",4.90231126280168
"215","GKGPCAPO_01436","ERR525819",2.87001408545513
"216","GKGPCAPO_01436","ERR525823",16.73696596992
"217","GKGPCAPO_01436","ERR525831",2.84061028523899
"218","GKGPCAPO_01436","ERR525835",2.88264693786197
"219","GKGPCAPO_01436","ERR525839",2.63288263306146
"220","GKGPCAPO_01436","ERR525847",0.582393138386411
"221","GKGPCAPO_01436","ERR525851",4.86732753254729
"222","GKGPCAPO_01436","ERR525855",7.27198057940551
"223","GKGPCAPO_01436","ERR525859",0.359780564572776
"224","GKGPCAPO_01436","ERR525863",1.46522038408181
"225","GKGPCAPO_01436","ERR525867",5.83510062611622
"226","GKGPCAPO_01436","ERR525871",5.88975035499703
"227","GKGPCAPO_01436","ERR525875",2.68100787717734
"228","GKGPCAPO_01436","ERR525879",8.37672028925749
"229","GKGPCAPO_01436","ERR525884",4.76632557654026
"230","GKGPCAPO_01436","ERR525889",0.049198223716277
"231","GKGPCAPO_01436","ERR525893",7.18520817344302
"232","GKGPCAPO_01436","ERR525895",6.43886356244117
"233","GKGPCAPO_01436","ERR525901",3.85201712428478
"234","GKGPCAPO_01436","ERR525903",1.16254787994859
"235","GKGPCAPO_01436","ERR525911",9.79532500673557
"236","GKGPCAPO_01436","ERR525915",10.3203245857311
"237","GKGPCAPO_01436","ERR525919",4.18554274664679
"238","GKGPCAPO_01436","ERR525923",7.38671544563492
"239","GKGPCAPO_01436","ERR525928",1.9387064567031
"240","GKGPCAPO_01436","ERR525931",4.98997849731764
"241","GKGPCAPO_01436","ERR525935",5.56199560890168
"242","GKGPCAPO_01436","ERR525953",8.06451818623745
"243","GKGPCAPO_01436","ERR525955",0.594400151493232
"244","GKGPCAPO_01436","ERR525959",1.94427009275863
"245","GKGPCAPO_01436","ERR525967",2.70107104043861
"246","GKGPCAPO_01436","ERR525971",4.80658423453687
"247","GKGPCAPO_01436","ERR525975",1.75267110595583
"248","GKGPCAPO_01436","ERR525987",0.0931615658317916
"249","GKGPCAPO_01436","ERR525991",1.6140828722448
"250","GKGPCAPO_01436","ERR525995",1.19696278831811
"251","GKGPCAPO_01436","ERR525999",1.1217695212059
"252","GKGPCAPO_01436","ERR526003",2.55634431219314
"253","GKGPCAPO_01436","ERR526007",1.2061421094516
"254","GKGPCAPO_01436","ERR526011",1.88077704432446
"255","GKGPCAPO_01436","ERR526015",0.267169744688338
"256","GKGPCAPO_01436","ERR526019",3.12110179962423
"257","GKGPCAPO_01436","ERR526027",1.52014766450184
"258","GKGPCAPO_01436","ERR526035",1.64456019154422
"259","GKGPCAPO_01436","ERR526039",1.17502824106938
"260","GKGPCAPO_01436","ERR526043",7.97093956211658
"261","GKGPCAPO_01436","ERR526047",0.802137066728225
"262","GKGPCAPO_01436","ERR526051",3.88453586387425
"263","GKGPCAPO_01436","ERR526063",5.8671880203004
"264","GKGPCAPO_01436","ERR526067",1.94689611623059
"265","GKGPCAPO_01436","ERR526073",0.700406745366863
"266","GKGPCAPO_01436","ERR526075",7.13125397436464
"267","GKGPCAPO_01436","ERR526079",21.3381781450507
"268","GKGPCAPO_01436","ERR526083",1.30838187392812
"269","GKGPCAPO_01436","ERR526087",4.06493512267618
"270","GKGPCAPO_01436","ERR7738276",6.88098382209538
"271","GKGPCAPO_01436","ERR7738514",0.774325743890726
"272","GKGPCAPO_01436","ERR7738546",2.05875638261709
"273","GKGPCAPO_01436","ERR7738547",0.345778843058069
"274","GKGPCAPO_01436","ERR7738549",0.689081820250466
"275","GKGPCAPO_01436","ERR7738562",2.99249868510939
"276","GKGPCAPO_01436","ERR7738578",1.61413823903497
"277","GKGPCAPO_01436","ERR7738597",0.995463488952802
"278","GKGPCAPO_01436","ERR7738620",2.33675045564156
"279","GKGPCAPO_01436","ERR7738633",3.52907198374121
"280","GKGPCAPO_01436","ERR7738665",0.673446056717677
"281","GKGPCAPO_01436","ERR7738937",4.38101583517737
"282","GKGPCAPO_01436","mean_rpkm_FBEB",4.18069921528098
"283","GKGPCAPO_01435","ERR525692",1.52350854334581
"284","GKGPCAPO_01435","ERR525697",2.79044102504226
"285","GKGPCAPO_01435","ERR525699",8.14820706471498
"286","GKGPCAPO_01435","ERR525706",6.49356497581116
"287","GKGPCAPO_01435","ERR525712",19.1359439264739
"288","GKGPCAPO_01435","ERR525716",0.465164458164806
"289","GKGPCAPO_01435","ERR525720",3.0555549631853
"290","GKGPCAPO_01435","ERR525725",1.49374671542836
"291","GKGPCAPO_01435","ERR525729",4.88267741894906
"292","GKGPCAPO_01435","ERR525733",8.75206422889892
"293","GKGPCAPO_01435","ERR525737",4.33587032043174
"294","GKGPCAPO_01435","ERR525741",3.30022676904773
"295","GKGPCAPO_01435","ERR525746",15.7763502725448
"296","GKGPCAPO_01435","ERR525751",3.11571657225093
"297","GKGPCAPO_01435","ERR525753",0.934110151478735
"298","GKGPCAPO_01435","ERR525757",1.91394187651967
"299","GKGPCAPO_01435","ERR525759",6.74984417805422
"300","GKGPCAPO_01435","ERR525763",3.1605181718594
"301","GKGPCAPO_01435","ERR525771",1.83991574852835
"302","GKGPCAPO_01435","ERR525775",6.52714921314857
"303","GKGPCAPO_01435","ERR525779",19.1383807574817
"304","GKGPCAPO_01435","ERR525787",4.39895423696116
"305","GKGPCAPO_01435","ERR525799",4.72154414096042
"306","GKGPCAPO_01435","ERR525809",4.12194286523882
"307","GKGPCAPO_01435","ERR525813",1.84251543272822
"308","GKGPCAPO_01435","ERR525815",4.83142649183955
"309","GKGPCAPO_01435","ERR525819",2.70102676961269
"310","GKGPCAPO_01435","ERR525823",14.6482002106005
"311","GKGPCAPO_01435","ERR525831",2.46712408736594
"312","GKGPCAPO_01435","ERR525835",2.3787987977627
"313","GKGPCAPO_01435","ERR525839",2.52021423209712
"314","GKGPCAPO_01435","ERR525847",0.453732844594818
"315","GKGPCAPO_01435","ERR525851",6.00731040817217
"316","GKGPCAPO_01435","ERR525855",8.50662512881616
"317","GKGPCAPO_01435","ERR525859",0.302197442117927
"318","GKGPCAPO_01435","ERR525863",1.77399765275062
"319","GKGPCAPO_01435","ERR525867",6.9223641948699
"320","GKGPCAPO_01435","ERR525871",11.4139798987566
"321","GKGPCAPO_01435","ERR525875",2.94589583036608
"322","GKGPCAPO_01435","ERR525879",11.859893070196
"323","GKGPCAPO_01435","ERR525884",6.28693372500181
"324","GKGPCAPO_01435","ERR525889",0.11019737271585
"325","GKGPCAPO_01435","ERR525893",7.11396822754006
"326","GKGPCAPO_01435","ERR525895",5.45982689962887
"327","GKGPCAPO_01435","ERR525901",2.57848210579454
"328","GKGPCAPO_01435","ERR525903",0.964425981488886
"329","GKGPCAPO_01435","ERR525911",9.35156249812294
"330","GKGPCAPO_01435","ERR525915",10.282426801559
"331","GKGPCAPO_01435","ERR525919",2.86625736721655
"332","GKGPCAPO_01435","ERR525923",7.74637396537286
"333","GKGPCAPO_01435","ERR525928",2.38257796009441
"334","GKGPCAPO_01435","ERR525931",4.47075100502918
"335","GKGPCAPO_01435","ERR525935",6.416556038824
"336","GKGPCAPO_01435","ERR525953",8.3885902186147
"337","GKGPCAPO_01435","ERR525955",1.0893076486364
"338","GKGPCAPO_01435","ERR525959",2.53191992359163
"339","GKGPCAPO_01435","ERR525967",2.31001302801148
"340","GKGPCAPO_01435","ERR525971",5.6265040767993
"341","GKGPCAPO_01435","ERR525975",1.59483448714456
"342","GKGPCAPO_01435","ERR525987",0
"343","GKGPCAPO_01435","ERR525991",2.66392553701569
"344","GKGPCAPO_01435","ERR525995",1.05138623298213
"345","GKGPCAPO_01435","ERR525999",1.88445910276904
"346","GKGPCAPO_01435","ERR526003",3.206484852132
"347","GKGPCAPO_01435","ERR526007",1.04272100571723
"348","GKGPCAPO_01435","ERR526011",2.40724938298672
"349","GKGPCAPO_01435","ERR526015",0.359054474449395
"350","GKGPCAPO_01435","ERR526019",3.30476368685028
"351","GKGPCAPO_01435","ERR526027",2.47630934045385
"352","GKGPCAPO_01435","ERR526035",2.85666364215148
"353","GKGPCAPO_01435","ERR526039",1.02708467215425
"354","GKGPCAPO_01435","ERR526043",8.32374388577764
"355","GKGPCAPO_01435","ERR526047",0.14972321938086
"356","GKGPCAPO_01435","ERR526051",3.65070016690884
"357","GKGPCAPO_01435","ERR526063",5.06810275332518
"358","GKGPCAPO_01435","ERR526067",0.989043840601123
"359","GKGPCAPO_01435","ERR526073",0.409256467842153
"360","GKGPCAPO_01435","ERR526075",8.07832172026116
"361","GKGPCAPO_01435","ERR526079",22.4787555125782
"362","GKGPCAPO_01435","ERR526083",2.31721748916465
"363","GKGPCAPO_01435","ERR526087",4.74617407024084
"364","GKGPCAPO_01435","ERR7738276",5.84653973562796
"365","GKGPCAPO_01435","ERR7738514",0.969532003062775
"366","GKGPCAPO_01435","ERR7738546",1.7448298706585
"367","GKGPCAPO_01435","ERR7738547",0.392412260000225
"368","GKGPCAPO_01435","ERR7738549",0.69969740504892
"369","GKGPCAPO_01435","ERR7738562",2.8569280202656
"370","GKGPCAPO_01435","ERR7738578",1.56292956707234
"371","GKGPCAPO_01435","ERR7738597",1.06176366341008
"372","GKGPCAPO_01435","ERR7738620",1.87792017619324
"373","GKGPCAPO_01435","ERR7738633",3.19758494284972
"374","GKGPCAPO_01435","ERR7738665",0.552020518429104
"375","GKGPCAPO_01435","ERR7738937",4.27235246913029
"376","GKGPCAPO_01435","mean_rpkm_FBEB",4.40266453877254
"377","GKGPCAPO_01434","ERR525692",1.44093257732778
"378","GKGPCAPO_01434","ERR525697",2.04223486008588
"379","GKGPCAPO_01434","ERR525699",7.42113628047888
"380","GKGPCAPO_01434","ERR525706",4.00341728970246
"381","GKGPCAPO_01434","ERR525712",23.4435504190582
"382","GKGPCAPO_01434","ERR525716",0.381291728169552
"383","GKGPCAPO_01434","ERR525720",4.61962303603301
"384","GKGPCAPO_01434","ERR525725",1.53051586534659
"385","GKGPCAPO_01434","ERR525729",3.85406004269046
"386","GKGPCAPO_01434","ERR525733",5.62345488325965
"387","GKGPCAPO_01434","ERR525737",4.00234183424469
"388","GKGPCAPO_01434","ERR525741",2.20063472907491
"389","GKGPCAPO_01434","ERR525746",16.0150181356423
"390","GKGPCAPO_01434","ERR525751",4.45924094912045
"391","GKGPCAPO_01434","ERR525753",0.744413936101515
"392","GKGPCAPO_01434","ERR525757",1.52526444928798
"393","GKGPCAPO_01434","ERR525759",5.47516206596783
"394","GKGPCAPO_01434","ERR525763",3.33906313689121
"395","GKGPCAPO_01434","ERR525771",1.98993964802374
"396","GKGPCAPO_01434","ERR525775",6.81895117797169
"397","GKGPCAPO_01434","ERR525779",15.3799838123473
"398","GKGPCAPO_01434","ERR525787",3.72025844040144
"399","GKGPCAPO_01434","ERR525799",3.81472648212584
"400","GKGPCAPO_01434","ERR525809",5.16194075739139
"401","GKGPCAPO_01434","ERR525813",1.3497812053003
"402","GKGPCAPO_01434","ERR525815",5.2503753624606
"403","GKGPCAPO_01434","ERR525819",3.64081786840593
"404","GKGPCAPO_01434","ERR525823",18.8258168313468
"405","GKGPCAPO_01434","ERR525831",1.77393213731251
"406","GKGPCAPO_01434","ERR525835",2.52762620972529
"407","GKGPCAPO_01434","ERR525839",3.35118702320951
"408","GKGPCAPO_01434","ERR525847",0.413245913846358
"409","GKGPCAPO_01434","ERR525851",6.02853281531215
"410","GKGPCAPO_01434","ERR525855",8.14375510583869
"411","GKGPCAPO_01434","ERR525859",0.458720219830289
"412","GKGPCAPO_01434","ERR525863",1.77727272534031
"413","GKGPCAPO_01434","ERR525867",5.74007843410199
"414","GKGPCAPO_01434","ERR525871",9.60453960711427
"415","GKGPCAPO_01434","ERR525875",2.73462803472089
"416","GKGPCAPO_01434","ERR525879",9.62019787886282
"417","GKGPCAPO_01434","ERR525884",4.15941345312747
"418","GKGPCAPO_01434","ERR525889",0
"419","GKGPCAPO_01434","ERR525893",9.02837027010884
"420","GKGPCAPO_01434","ERR525895",5.39484782767392
"421","GKGPCAPO_01434","ERR525901",3.43228008591444
"422","GKGPCAPO_01434","ERR525903",0.65877713197087
"423","GKGPCAPO_01434","ERR525911",10.6463942286323
"424","GKGPCAPO_01434","ERR525915",11.6533377479416
"425","GKGPCAPO_01434","ERR525919",3.58943614909888
"426","GKGPCAPO_01434","ERR525923",7.47693487092511
"427","GKGPCAPO_01434","ERR525928",2.3799766342819
"428","GKGPCAPO_01434","ERR525931",4.02092467313856
"429","GKGPCAPO_01434","ERR525935",5.23683278868897
"430","GKGPCAPO_01434","ERR525953",7.53820226250406
"431","GKGPCAPO_01434","ERR525955",0.826756574349677
"432","GKGPCAPO_01434","ERR525959",2.35211465640242
"433","GKGPCAPO_01434","ERR525967",3.80703685554184
"434","GKGPCAPO_01434","ERR525971",5.42008795090489
"435","GKGPCAPO_01434","ERR525975",2.17878926859134
"436","GKGPCAPO_01434","ERR525987",0
"437","GKGPCAPO_01434","ERR525991",2.13738552977259
"438","GKGPCAPO_01434","ERR525995",1.38847683444901
"439","GKGPCAPO_01434","ERR525999",2.05956884093404
"440","GKGPCAPO_01434","ERR526003",4.48485046131165
"441","GKGPCAPO_01434","ERR526007",1.89935641656799
"442","GKGPCAPO_01434","ERR526011",1.47990285144845
"443","GKGPCAPO_01434","ERR526015",0.708534162913473
"444","GKGPCAPO_01434","ERR526019",2.83623032627671
"445","GKGPCAPO_01434","ERR526027",1.29682415306229
"446","GKGPCAPO_01434","ERR526035",3.42337019464307
"447","GKGPCAPO_01434","ERR526039",0.584648197995497
"448","GKGPCAPO_01434","ERR526043",7.96555379214217
"449","GKGPCAPO_01434","ERR526047",0.886361458734689
"450","GKGPCAPO_01434","ERR526051",2.60454054984799
"451","GKGPCAPO_01434","ERR526063",6.54809755377741
"452","GKGPCAPO_01434","ERR526067",1.351186046852
"453","GKGPCAPO_01434","ERR526073",0.745476396807861
"454","GKGPCAPO_01434","ERR526075",10.2558907732472
"455","GKGPCAPO_01434","ERR526079",22.7090830149176
"456","GKGPCAPO_01434","ERR526083",2.35873867132344
"457","GKGPCAPO_01434","ERR526087",4.71964914137105
"458","GKGPCAPO_01434","ERR7738276",6.91097358209482
"459","GKGPCAPO_01434","ERR7738514",0.86339725182151
"460","GKGPCAPO_01434","ERR7738546",2.03285753082594
"461","GKGPCAPO_01434","ERR7738547",0.526690333746051
"462","GKGPCAPO_01434","ERR7738549",0.852807660741977
"463","GKGPCAPO_01434","ERR7738562",3.53908682049986
"464","GKGPCAPO_01434","ERR7738578",1.86937384808238
"465","GKGPCAPO_01434","ERR7738597",0.89669282589307
"466","GKGPCAPO_01434","ERR7738620",2.44698862988995
"467","GKGPCAPO_01434","ERR7738633",3.60372082841425
"468","GKGPCAPO_01434","ERR7738665",0.806759718668768
"469","GKGPCAPO_01434","ERR7738937",4.35313435588169
"470","GKGPCAPO_01434","mean_rpkm_FBEB",4.42144501176588
"471","GKGPCAPO_01433","ERR525692",1.80463617584404
"472","GKGPCAPO_01433","ERR525697",1.96091272692896
"473","GKGPCAPO_01433","ERR525699",7.48707016094128
"474","GKGPCAPO_01433","ERR525706",4.48688304686996
"475","GKGPCAPO_01433","ERR525712",23.6867139563566
"476","GKGPCAPO_01433","ERR525716",0.477532992890576
"477","GKGPCAPO_01433","ERR525720",3.03224090219452
"478","GKGPCAPO_01433","ERR525725",2.34279349972771
"479","GKGPCAPO_01433","ERR525729",3.85220355904754
"480","GKGPCAPO_01433","ERR525733",8.30784274099614
"481","GKGPCAPO_01433","ERR525737",2.70678609599207
"482","GKGPCAPO_01433","ERR525741",2.62165000150613
"483","GKGPCAPO_01433","ERR525746",16.6832117686224
"484","GKGPCAPO_01433","ERR525751",4.28378868108819
"485","GKGPCAPO_01433","ERR525753",0.799123135369091
"486","GKGPCAPO_01433","ERR525757",2.08763486762579
"487","GKGPCAPO_01433","ERR525759",5.63909489225086
"488","GKGPCAPO_01433","ERR525763",5.08313627825526
"489","GKGPCAPO_01433","ERR525771",2.45942495287388
"490","GKGPCAPO_01433","ERR525775",7.30836530394364
"491","GKGPCAPO_01433","ERR525779",16.3039258621807
"492","GKGPCAPO_01433","ERR525787",4.08583296922702
"493","GKGPCAPO_01433","ERR525799",3.32260070631822
"494","GKGPCAPO_01433","ERR525809",5.67511714574608
"495","GKGPCAPO_01433","ERR525813",1.37065737141883
"496","GKGPCAPO_01433","ERR525815",4.55596155523178
"497","GKGPCAPO_01433","ERR525819",2.86527417779955
"498","GKGPCAPO_01433","ERR525823",15.6874666524316
"499","GKGPCAPO_01433","ERR525831",1.94397669190075
"500","GKGPCAPO_01433","ERR525835",2.90720249437555
"501","GKGPCAPO_01433","ERR525839",2.93218913662721
"502","GKGPCAPO_01433","ERR525847",0.339643950144676
"503","GKGPCAPO_01433","ERR525851",5.80539481534771
"504","GKGPCAPO_01433","ERR525855",7.89757222613555
"505","GKGPCAPO_01433","ERR525859",0.560142464966177
"506","GKGPCAPO_01433","ERR525863",2.42822337671298
"507","GKGPCAPO_01433","ERR525867",6.23138193505932
"508","GKGPCAPO_01433","ERR525871",10.1537281180277
"509","GKGPCAPO_01433","ERR525875",2.18093221767876
"510","GKGPCAPO_01433","ERR525879",11.5331890071171
"511","GKGPCAPO_01433","ERR525884",5.17545814770571
"512","GKGPCAPO_01433","ERR525889",0.0471364484449302
"513","GKGPCAPO_01433","ERR525893",7.98155821226895
"514","GKGPCAPO_01433","ERR525895",8.90102437513931
"515","GKGPCAPO_01433","ERR525901",3.73300922030548
"516","GKGPCAPO_01433","ERR525903",0.57754064556213
"517","GKGPCAPO_01433","ERR525911",11.0771731858602
"518","GKGPCAPO_01433","ERR525915",11.8058651503145
"519","GKGPCAPO_01433","ERR525919",3.83134113392386
"520","GKGPCAPO_01433","ERR525923",8.10361438322808
"521","GKGPCAPO_01433","ERR525928",2.49853038366044
"522","GKGPCAPO_01433","ERR525931",3.77688011205211
"523","GKGPCAPO_01433","ERR525935",7.66364436436378
"524","GKGPCAPO_01433","ERR525953",6.21951737210585
"525","GKGPCAPO_01433","ERR525955",0.673034012837647
"526","GKGPCAPO_01433","ERR525959",2.38263909572669
"527","GKGPCAPO_01433","ERR525967",4.46996740625397
"528","GKGPCAPO_01433","ERR525971",4.72085957888852
"529","GKGPCAPO_01433","ERR525975",1.67922101625537
"530","GKGPCAPO_01433","ERR525987",0
"531","GKGPCAPO_01433","ERR525991",1.57357120903817
"532","GKGPCAPO_01433","ERR525995",1.84387620281374
"533","GKGPCAPO_01433","ERR525999",1.23597279110324
"534","GKGPCAPO_01433","ERR526003",3.03702570222576
"535","GKGPCAPO_01433","ERR526007",1.17586930019399
"536","GKGPCAPO_01433","ERR526011",1.39008215815244
"537","GKGPCAPO_01433","ERR526015",0.56314131445435
"538","GKGPCAPO_01433","ERR526019",2.93593501392924
"539","GKGPCAPO_01433","ERR526027",1.80069199438783
"540","GKGPCAPO_01433","ERR526035",2.25091537364537
"541","GKGPCAPO_01433","ERR526039",1.15324391656626
"542","GKGPCAPO_01433","ERR526043",8.87531307515941
"543","GKGPCAPO_01433","ERR526047",1.08873878601804
"544","GKGPCAPO_01433","ERR526051",2.60261861610072
"545","GKGPCAPO_01433","ERR526063",7.31022214587702
"546","GKGPCAPO_01433","ERR526067",1.92299643206734
"547","GKGPCAPO_01433","ERR526073",1.34210887912783
"548","GKGPCAPO_01433","ERR526075",9.89520122434512
"549","GKGPCAPO_01433","ERR526079",23.011110573261
"550","GKGPCAPO_01433","ERR526083",1.80744539957284
"551","GKGPCAPO_01433","ERR526087",4.93037735785547
"552","GKGPCAPO_01433","ERR7738276",6.91719496454814
"553","GKGPCAPO_01433","ERR7738514",1.1427650173544
"554","GKGPCAPO_01433","ERR7738546",2.13240975109379
"555","GKGPCAPO_01433","ERR7738547",0.662576222391618
"556","GKGPCAPO_01433","ERR7738549",0.871469430361847
"557","GKGPCAPO_01433","ERR7738562",2.88845481397321
"558","GKGPCAPO_01433","ERR7738578",1.94922645637799
"559","GKGPCAPO_01433","ERR7738597",1.04870782015008
"560","GKGPCAPO_01433","ERR7738620",2.54502087633812
"561","GKGPCAPO_01433","ERR7738633",3.46904975425386
"562","GKGPCAPO_01433","ERR7738665",0.922532475482004
"563","GKGPCAPO_01433","ERR7738937",3.78997222710348
"564","GKGPCAPO_01433","mean_rpkm_FBEB",4.53005709821498
"565","GKGPCAPO_01432","ERR525692",0.791155313737473
"566","GKGPCAPO_01432","ERR525697",2.32886431413302
"567","GKGPCAPO_01432","ERR525699",7.94031042355765
"568","GKGPCAPO_01432","ERR525706",4.87657090113279
"569","GKGPCAPO_01432","ERR525712",24.1396322917848
"570","GKGPCAPO_01432","ERR525716",0.434806356684577
"571","GKGPCAPO_01432","ERR525720",3.23695843678914
"572","GKGPCAPO_01432","ERR525725",1.87460845105804
"573","GKGPCAPO_01432","ERR525729",4.22594302926585
"574","GKGPCAPO_01432","ERR525733",7.90693579650969
"575","GKGPCAPO_01432","ERR525737",2.12990121003665
"576","GKGPCAPO_01432","ERR525741",2.93794623650565
"577","GKGPCAPO_01432","ERR525746",14.3939975537322
"578","GKGPCAPO_01432","ERR525751",3.87160971559401
"579","GKGPCAPO_01432","ERR525753",1.4552452886195
"580","GKGPCAPO_01432","ERR525757",1.49085998802585
"581","GKGPCAPO_01432","ERR525759",6.29837433719752
"582","GKGPCAPO_01432","ERR525763",3.6107533921313
"583","GKGPCAPO_01432","ERR525771",1.85121347680879
"584","GKGPCAPO_01432","ERR525775",5.08430570287362
"585","GKGPCAPO_01432","ERR525779",15.8682372667076
"586","GKGPCAPO_01432","ERR525787",2.74124306134843
"587","GKGPCAPO_01432","ERR525799",3.79647420230706
"588","GKGPCAPO_01432","ERR525809",5.88642367070948
"589","GKGPCAPO_01432","ERR525813",1.53922418148279
"590","GKGPCAPO_01432","ERR525815",4.04853505392743
"591","GKGPCAPO_01432","ERR525819",3.3663323107594
"592","GKGPCAPO_01432","ERR525823",18.1999366567263
"593","GKGPCAPO_01432","ERR525831",2.62977658952469
"594","GKGPCAPO_01432","ERR525835",3.11767715449467
"595","GKGPCAPO_01432","ERR525839",2.77453479811506
"596","GKGPCAPO_01432","ERR525847",0.647962342982776
"597","GKGPCAPO_01432","ERR525851",5.02599927326997
"598","GKGPCAPO_01432","ERR525855",8.63415666982234
"599","GKGPCAPO_01432","ERR525859",0.523102005069628
"600","GKGPCAPO_01432","ERR525863",2.21096128511235
"601","GKGPCAPO_01432","ERR525867",6.06282371275225
"602","GKGPCAPO_01432","ERR525871",8.71908497529225
"603","GKGPCAPO_01432","ERR525875",3.29495069393712
"604","GKGPCAPO_01432","ERR525879",10.1524325876118
"605","GKGPCAPO_01432","ERR525884",5.85198862452998
"606","GKGPCAPO_01432","ERR525889",0.171675906967851
"607","GKGPCAPO_01432","ERR525893",6.41955326739421
"608","GKGPCAPO_01432","ERR525895",6.63348184455405
"609","GKGPCAPO_01432","ERR525901",2.52350232540108
"610","GKGPCAPO_01432","ERR525903",0.500824720211772
"611","GKGPCAPO_01432","ERR525911",10.8954326901207
"612","GKGPCAPO_01432","ERR525915",11.4822467130033
"613","GKGPCAPO_01432","ERR525919",3.96917979273029
"614","GKGPCAPO_01432","ERR525923",6.42754050307597
"615","GKGPCAPO_01432","ERR525928",1.43682799902467
"616","GKGPCAPO_01432","ERR525931",3.94681036093103
"617","GKGPCAPO_01432","ERR525935",6.10164918743127
"618","GKGPCAPO_01432","ERR525953",7.66687712331494
"619","GKGPCAPO_01432","ERR525955",1.25705677971296
"620","GKGPCAPO_01432","ERR525959",1.57778588922763
"621","GKGPCAPO_01432","ERR525967",3.42738775083407
"622","GKGPCAPO_01432","ERR525971",4.32656143449426
"623","GKGPCAPO_01432","ERR525975",1.33785305966135
"624","GKGPCAPO_01432","ERR525987",0
"625","GKGPCAPO_01432","ERR525991",1.77862096005258
"626","GKGPCAPO_01432","ERR525995",1.6379490787511
"627","GKGPCAPO_01432","ERR525999",1.30479507466582
"628","GKGPCAPO_01432","ERR526003",2.49768293745019
"629","GKGPCAPO_01432","ERR526007",0.492257444485325
"630","GKGPCAPO_01432","ERR526011",1.25008038134047
"631","GKGPCAPO_01432","ERR526015",0.435064836876694
"632","GKGPCAPO_01432","ERR526019",1.84817013742342
"633","GKGPCAPO_01432","ERR526027",1.5431317153144
"634","GKGPCAPO_01432","ERR526035",2.18615219447382
"635","GKGPCAPO_01432","ERR526039",0.8667153110635
"636","GKGPCAPO_01432","ERR526043",6.13921084766432
"637","GKGPCAPO_01432","ERR526047",0.699759046369491
"638","GKGPCAPO_01432","ERR526051",2.40134944312226
"639","GKGPCAPO_01432","ERR526063",5.99818542098966
"640","GKGPCAPO_01432","ERR526067",1.68090130230392
"641","GKGPCAPO_01432","ERR526073",1.41684110504418
"642","GKGPCAPO_01432","ERR526075",7.3095712747924
"643","GKGPCAPO_01432","ERR526079",22.0997064926931
"644","GKGPCAPO_01432","ERR526083",1.34489485645635
"645","GKGPCAPO_01432","ERR526087",2.31378110062296
"646","GKGPCAPO_01432","ERR7738276",7.26079565585056
"647","GKGPCAPO_01432","ERR7738514",1.35379174353592
"648","GKGPCAPO_01432","ERR7738546",2.25933404441248
"649","GKGPCAPO_01432","ERR7738547",0.589886573666081
"650","GKGPCAPO_01432","ERR7738549",0.683956018640182
"651","GKGPCAPO_01432","ERR7738562",3.43406182938955
"652","GKGPCAPO_01432","ERR7738578",1.96550533761438
"653","GKGPCAPO_01432","ERR7738597",1.02254445057982
"654","GKGPCAPO_01432","ERR7738620",2.44282935825534
"655","GKGPCAPO_01432","ERR7738633",3.62712624664956
"656","GKGPCAPO_01432","ERR7738665",0.653325630297489
"657","GKGPCAPO_01432","ERR7738937",4.50164309787211
"658","GKGPCAPO_01432","mean_rpkm_FBEB",4.22702922182229
"659","GKGPCAPO_01431","ERR525692",0.937543718982037
"660","GKGPCAPO_01431","ERR525697",1.99317216074447
"661","GKGPCAPO_01431","ERR525699",5.83451863893172
"662","GKGPCAPO_01431","ERR525706",3.26343265451022
"663","GKGPCAPO_01431","ERR525712",19.5875296238538
"664","GKGPCAPO_01431","ERR525716",0.372131566531845
"665","GKGPCAPO_01431","ERR525720",1.87407371075365
"666","GKGPCAPO_01431","ERR525725",1.16180300088872
"667","GKGPCAPO_01431","ERR525729",4.41249366749471
"668","GKGPCAPO_01431","ERR525733",8.07268024766019
"669","GKGPCAPO_01431","ERR525737",2.65620884494918
"670","GKGPCAPO_01431","ERR525741",3.69311090822008
"671","GKGPCAPO_01431","ERR525746",10.9557988003783
"672","GKGPCAPO_01431","ERR525751",2.4480630210543
"673","GKGPCAPO_01431","ERR525753",0.233527537869684
"674","GKGPCAPO_01431","ERR525757",0.127596125101311
"675","GKGPCAPO_01431","ERR525759",4.78113962612174
"676","GKGPCAPO_01431","ERR525763",1.68560969165835
"677","GKGPCAPO_01431","ERR525771",1.45659996758495
"678","GKGPCAPO_01431","ERR525775",4.73538276248034
"679","GKGPCAPO_01431","ERR525779",1.60826729054468
"680","GKGPCAPO_01431","ERR525787",1.67579209027092
"681","GKGPCAPO_01431","ERR525799",3.75692759603302
"682","GKGPCAPO_01431","ERR525809",2.83383571985169
"683","GKGPCAPO_01431","ERR525813",0.694281177549763
"684","GKGPCAPO_01431","ERR525815",4.46540933336686
"685","GKGPCAPO_01431","ERR525819",3.45731426510425
"686","GKGPCAPO_01431","ERR525823",13.1652959917496
"687","GKGPCAPO_01431","ERR525831",1.47161787667442
"688","GKGPCAPO_01431","ERR525835",1.81241813162872
"689","GKGPCAPO_01431","ERR525839",1.47852568283031
"690","GKGPCAPO_01431","ERR525847",0.151244281531606
"691","GKGPCAPO_01431","ERR525851",7.0456109725476
"692","GKGPCAPO_01431","ERR525855",5.09108625133694
"693","GKGPCAPO_01431","ERR525859",0.268619948549268
"694","GKGPCAPO_01431","ERR525863",1.89226416293399
"695","GKGPCAPO_01431","ERR525867",3.30620379456473
"696","GKGPCAPO_01431","ERR525871",1.48877998679434
"697","GKGPCAPO_01431","ERR525875",1.73732318201076
"698","GKGPCAPO_01431","ERR525879",10.4391767128288
"699","GKGPCAPO_01431","ERR525884",3.87496544056715
"700","GKGPCAPO_01431","ERR525889",0
"701","GKGPCAPO_01431","ERR525893",5.52012835142452
"702","GKGPCAPO_01431","ERR525895",4.94474889022992
"703","GKGPCAPO_01431","ERR525901",3.43797614105939
"704","GKGPCAPO_01431","ERR525903",0.128590130865185
"705","GKGPCAPO_01431","ERR525911",8.47235576753019
"706","GKGPCAPO_01431","ERR525915",8.50426276820673
"707","GKGPCAPO_01431","ERR525919",2.86625736721655
"708","GKGPCAPO_01431","ERR525923",5.10811616557196
"709","GKGPCAPO_01431","ERR525928",2.20324413514106
"710","GKGPCAPO_01431","ERR525931",2.01183795226313
"711","GKGPCAPO_01431","ERR525935",4.88880460100876
"712","GKGPCAPO_01431","ERR525953",3.20630559467051
"713","GKGPCAPO_01431","ERR525955",0.726205099090933
"714","GKGPCAPO_01431","ERR525959",1.28283942795309
"715","GKGPCAPO_01431","ERR525967",1.24667369765699
"716","GKGPCAPO_01431","ERR525971",2.81325203839965
"717","GKGPCAPO_01431","ERR525975",0.899650223517444
"718","GKGPCAPO_01431","ERR525987",0
"719","GKGPCAPO_01431","ERR525991",1.01482877600598
"720","GKGPCAPO_01431","ERR525995",0.8411089863857
"721","GKGPCAPO_01431","ERR525999",1.088798592711
"722","GKGPCAPO_01431","ERR526003",2.59572583267828
"723","GKGPCAPO_01431","ERR526007",2.14863722390216
"724","GKGPCAPO_01431","ERR526011",1.52459127589159
"725","GKGPCAPO_01431","ERR526015",0.638319065687813
"726","GKGPCAPO_01431","ERR526019",2.0337007303694
"727","GKGPCAPO_01431","ERR526027",1.48578560427231
"728","GKGPCAPO_01431","ERR526035",2.30537767612225
"729","GKGPCAPO_01431","ERR526039",0.256771168038563
"730","GKGPCAPO_01431","ERR526043",4.50366818940626
"731","GKGPCAPO_01431","ERR526047",0.299446438761719
"732","GKGPCAPO_01431","ERR526051",1.78478674826655
"733","GKGPCAPO_01431","ERR526063",4.0859122972544
"734","GKGPCAPO_01431","ERR526067",1.8582035793112
"735","GKGPCAPO_01431","ERR526073",1.09135058091241
"736","GKGPCAPO_01431","ERR526075",4.81435334843847
"737","GKGPCAPO_01431","ERR526079",18.9141632144671
"738","GKGPCAPO_01431","ERR526083",0.726970192679106
"739","GKGPCAPO_01431","ERR526087",2.45380428121295
"740","GKGPCAPO_01431","ERR7738276",4.67723178850237
"741","GKGPCAPO_01431","ERR7738514",0.574537483296459
"742","GKGPCAPO_01431","ERR7738546",1.31428743504146
"743","GKGPCAPO_01431","ERR7738547",0.261608173333483
"744","GKGPCAPO_01431","ERR7738549",0.727136518972407
"745","GKGPCAPO_01431","ERR7738562",2.7836734556434
"746","GKGPCAPO_01431","ERR7738578",1.48133083465491
"747","GKGPCAPO_01431","ERR7738597",0.746452030033756
"748","GKGPCAPO_01431","ERR7738620",1.3759019112703
"749","GKGPCAPO_01431","ERR7738633",2.16745050129851
"750","GKGPCAPO_01431","ERR7738665",0.453598255453373
"751","GKGPCAPO_01431","ERR7738937",3.04362840808754
"752","GKGPCAPO_01431","mean_rpkm_FBEB",3.0788361840345
"753","GKGPCAPO_01430","ERR525692",1.45345464814254
"754","GKGPCAPO_01430","ERR525697",2.63677747298487
"755","GKGPCAPO_01430","ERR525699",7.01431053477683
"756","GKGPCAPO_01430","ERR525706",5.45158080650824
"757","GKGPCAPO_01430","ERR525712",26.579854811008
"758","GKGPCAPO_01430","ERR525716",0.256403500217472
"759","GKGPCAPO_01430","ERR525720",2.62743586555018
"760","GKGPCAPO_01430","ERR525725",1.40658830993471
"761","GKGPCAPO_01430","ERR525729",4.24640383350439
"762","GKGPCAPO_01430","ERR525733",8.92151951702255
"763","GKGPCAPO_01430","ERR525737",2.32538296514775
"764","GKGPCAPO_01430","ERR525741",3.08600614344315
"765","GKGPCAPO_01430","ERR525746",16.3957507410355
"766","GKGPCAPO_01430","ERR525751",3.12814959927508
"767","GKGPCAPO_01430","ERR525753",0.901059699191778
"768","GKGPCAPO_01430","ERR525757",1.16048319365885
"769","GKGPCAPO_01430","ERR525759",6.30755341080044
"770","GKGPCAPO_01430","ERR525763",3.97201211140498
"771","GKGPCAPO_01430","ERR525771",2.21852038579536
"772","GKGPCAPO_01430","ERR525775",5.6083862885242
"773","GKGPCAPO_01430","ERR525779",8.11141737376392
"774","GKGPCAPO_01430","ERR525787",2.84042078317428
"775","GKGPCAPO_01430","ERR525799",3.31617072722468
"776","GKGPCAPO_01430","ERR525809",6.14165648984956
"777","GKGPCAPO_01430","ERR525813",1.36887066721028
"778","GKGPCAPO_01430","ERR525815",4.99337374854925
"779","GKGPCAPO_01430","ERR525819",3.63275525900386
"780","GKGPCAPO_01430","ERR525823",18.3913260661957
"781","GKGPCAPO_01430","ERR525831",2.82716993330222
"782","GKGPCAPO_01430","ERR525835",2.7785348731161
"783","GKGPCAPO_01430","ERR525839",2.94503693654671
"784","GKGPCAPO_01430","ERR525847",0.343890628957339
"785","GKGPCAPO_01430","ERR525851",4.72165731509276
"786","GKGPCAPO_01430","ERR525855",7.83266193933149
"787","GKGPCAPO_01430","ERR525859",0.388673556839444
"788","GKGPCAPO_01430","ERR525863",2.44461501496361
"789","GKGPCAPO_01430","ERR525867",5.95132075031868
"790","GKGPCAPO_01430","ERR525871",8.13792462055306
"791","GKGPCAPO_01430","ERR525875",2.31080440726037
"792","GKGPCAPO_01430","ERR525879",9.55058195445601
"793","GKGPCAPO_01430","ERR525884",5.65583258124965
"794","GKGPCAPO_01430","ERR525889",0.0607419410128336
"795","GKGPCAPO_01430","ERR525893",8.64613069190783
"796","GKGPCAPO_01430","ERR525895",7.04112598025291
"797","GKGPCAPO_01430","ERR525901",4.18186139547426
"798","GKGPCAPO_01430","ERR525903",1.19610373123203
"799","GKGPCAPO_01430","ERR525911",10.7719569166174
"800","GKGPCAPO_01430","ERR525915",12.8910053879335
"801","GKGPCAPO_01430","ERR525919",4.44349954973515
"802","GKGPCAPO_01430","ERR525923",8.05244072070457
"803","GKGPCAPO_01430","ERR525928",0.91083835754435
"804","GKGPCAPO_01430","ERR525931",4.55900046620853
"805","GKGPCAPO_01430","ERR525935",6.77517803707601
"806","GKGPCAPO_01430","ERR525953",7.49068301979538
"807","GKGPCAPO_01430","ERR525955",0.633795387536841
"808","GKGPCAPO_01430","ERR525959",2.40046754469082
"809","GKGPCAPO_01430","ERR525967",3.30452515455184
"810","GKGPCAPO_01430","ERR525971",5.48707058513819
"811","GKGPCAPO_01430","ERR525975",1.5215008858878
"812","GKGPCAPO_01430","ERR525987",0.115020704183385
"813","GKGPCAPO_01430","ERR525991",2.1326522788133
"814","GKGPCAPO_01430","ERR525995",1.30395387554208
"815","GKGPCAPO_01430","ERR525999",1.45422691282587
"816","GKGPCAPO_01430","ERR526003",3.88207304124839
"817","GKGPCAPO_01430","ERR526007",1.20176817452563
"818","GKGPCAPO_01430","ERR526011",1.79131630063593
"819","GKGPCAPO_01430","ERR526015",0.626729473713035
"820","GKGPCAPO_01430","ERR526019",2.59230567958632
"821","GKGPCAPO_01430","ERR526027",2.32044480468599
"822","GKGPCAPO_01430","ERR526035",1.90612232439158
"823","GKGPCAPO_01430","ERR526039",0.566139782044057
"824","GKGPCAPO_01430","ERR526043",7.11493310529106
"825","GKGPCAPO_01430","ERR526047",0.907818998704057
"826","GKGPCAPO_01430","ERR526051",2.07938080270363
"827","GKGPCAPO_01430","ERR526063",7.76358453902465
"828","GKGPCAPO_01430","ERR526067",1.6107333242903
"829","GKGPCAPO_01430","ERR526073",0.977541209346124
"830","GKGPCAPO_01430","ERR526075",9.07437910747242
"831","GKGPCAPO_01430","ERR526079",23.7585298993929
"832","GKGPCAPO_01430","ERR526083",1.91591166701882
"833","GKGPCAPO_01430","ERR526087",4.59159377995861
"834","GKGPCAPO_01430","ERR7738276",6.8704659981353
"835","GKGPCAPO_01430","ERR7738514",1.12227391639445
"836","GKGPCAPO_01430","ERR7738546",1.92978209013409
"837","GKGPCAPO_01430","ERR7738547",0.813977562544816
"838","GKGPCAPO_01430","ERR7738549",0.828078734160207
"839","GKGPCAPO_01430","ERR7738562",3.57351317475422
"840","GKGPCAPO_01430","ERR7738578",1.94616658752361
"841","GKGPCAPO_01430","ERR7738597",1.19179241474085
"842","GKGPCAPO_01430","ERR7738620",2.36234927782349
"843","GKGPCAPO_01430","ERR7738633",3.4364648932737
"844","GKGPCAPO_01430","ERR7738665",0.622711466114127
"845","GKGPCAPO_01430","ERR7738937",4.89633932636459
"846","GKGPCAPO_01430","mean_rpkm_FBEB",4.4089390370489
"847","GKGPCAPO_01429","ERR525692",1.48138580508194
"848","GKGPCAPO_01429","ERR525697",2.46699387013142
"849","GKGPCAPO_01429","ERR525699",6.62281229722891
"850","GKGPCAPO_01429","ERR525706",3.31486448587261
"851","GKGPCAPO_01429","ERR525712",25.3751788797314
"852","GKGPCAPO_01429","ERR525716",0.48999530112734
"853","GKGPCAPO_01429","ERR525720",3.34740939454435
"854","GKGPCAPO_01429","ERR525725",1.24567490029197
"855","GKGPCAPO_01429","ERR525729",2.8002512172573
"856","GKGPCAPO_01429","ERR525733",9.34554745136265
"857","GKGPCAPO_01429","ERR525737",1.60473492286442
"858","GKGPCAPO_01429","ERR525741",2.17274716111684
"859","GKGPCAPO_01429","ERR525746",11.6560341970146
"860","GKGPCAPO_01429","ERR525751",4.57140723310431
"861","GKGPCAPO_01429","ERR525753",1.16846874820205
"862","GKGPCAPO_01429","ERR525757",0.957652056365356
"863","GKGPCAPO_01429","ERR525759",4.11055902124387
"864","GKGPCAPO_01429","ERR525763",4.66092074882041
"865","GKGPCAPO_01429","ERR525771",1.99869851330349
"866","GKGPCAPO_01429","ERR525775",5.91501547911245
"867","GKGPCAPO_01429","ERR525779",17.9576492911495
"868","GKGPCAPO_01429","ERR525787",4.43518354994478
"869","GKGPCAPO_01429","ERR525799",2.80766831020262
"870","GKGPCAPO_01429","ERR525809",5.22393915616789
"871","GKGPCAPO_01429","ERR525813",1.94087034906602
"872","GKGPCAPO_01429","ERR525815",4.85799855601337
"873","GKGPCAPO_01429","ERR525819",3.8694851828302
"874","GKGPCAPO_01429","ERR525823",11.1439846600219
"875","GKGPCAPO_01429","ERR525831",2.46204104466861
"876","GKGPCAPO_01429","ERR525835",1.96882788142231
"877","GKGPCAPO_01429","ERR525839",3.61045352766198
"878","GKGPCAPO_01429","ERR525847",0.477953459074969
"879","GKGPCAPO_01429","ERR525851",0.234369827444176
"880","GKGPCAPO_01429","ERR525855",9.82623908846267
"881","GKGPCAPO_01429","ERR525859",0.318328978174044
"882","GKGPCAPO_01429","ERR525863",2.38258617134549
"883","GKGPCAPO_01429","ERR525867",6.04029314247212
"884","GKGPCAPO_01429","ERR525871",12.5895803865496
"885","GKGPCAPO_01429","ERR525875",3.1628260188053
"886","GKGPCAPO_01429","ERR525879",9.36973758570644
"887","GKGPCAPO_01429","ERR525884",4.1859420410339
"888","GKGPCAPO_01429","ERR525889",0
"889","GKGPCAPO_01429","ERR525893",6.8794782882973
"890","GKGPCAPO_01429","ERR525895",7.37899656454239
"891","GKGPCAPO_01429","ERR525901",2.50719092246981
"892","GKGPCAPO_01429","ERR525903",0.558749287496052
"893","GKGPCAPO_01429","ERR525911",12.1871535357416
"894","GKGPCAPO_01429","ERR525915",12.5415177620814
"895","GKGPCAPO_01429","ERR525919",4.65469316218204
"896","GKGPCAPO_01429","ERR525923",5.2773146479246
"897","GKGPCAPO_01429","ERR525928",0.364320266656612
"898","GKGPCAPO_01429","ERR525931",5.18034351330072
"899","GKGPCAPO_01429","ERR525935",5.79349442041252
"900","GKGPCAPO_01429","ERR525953",10.5447464802629
"901","GKGPCAPO_01429","ERR525955",0.509980330559706
"902","GKGPCAPO_01429","ERR525959",3.09380791802286
"903","GKGPCAPO_01429","ERR525967",3.64998499799678
"904","GKGPCAPO_01429","ERR525971",4.67309427019137
"905","GKGPCAPO_01429","ERR525975",1.35689723132912
"906","GKGPCAPO_01429","ERR525987",0
"907","GKGPCAPO_01429","ERR525991",2.2048148318564
"908","GKGPCAPO_01429","ERR525995",1.10751005324808
"909","GKGPCAPO_01429","ERR525999",2.44823203956424
"910","GKGPCAPO_01429","ERR526003",4.28237707501309
"911","GKGPCAPO_01429","ERR526007",1.14830873615705
"912","GKGPCAPO_01429","ERR526011",0.950906339898668
"913","GKGPCAPO_01429","ERR526015",0.945552708514421
"914","GKGPCAPO_01429","ERR526019",3.41422889520201
"915","GKGPCAPO_01429","ERR526027",0.326062083974351
"916","GKGPCAPO_01429","ERR526035",2.05889524161808
"917","GKGPCAPO_01429","ERR526039",0.0676194535048173
"918","GKGPCAPO_01429","ERR526043",8.06916757321556
"919","GKGPCAPO_01429","ERR526047",1.26172449641949
"920","GKGPCAPO_01429","ERR526051",2.75599713667946
"921","GKGPCAPO_01429","ERR526063",6.51810947502054
"922","GKGPCAPO_01429","ERR526067",1.89425413664143
"923","GKGPCAPO_01429","ERR526073",1.00590676318973
"924","GKGPCAPO_01429","ERR526075",10.5724697937118
"925","GKGPCAPO_01429","ERR526079",25.1729752849975
"926","GKGPCAPO_01429","ERR526083",1.93837159026626
"927","GKGPCAPO_01429","ERR526087",4.5403881802028
"928","GKGPCAPO_01429","ERR7738276",6.14552913045215
"929","GKGPCAPO_01429","ERR7738514",0.95320062175377
"930","GKGPCAPO_01429","ERR7738546",1.82603538342612
"931","GKGPCAPO_01429","ERR7738547",0.598283535568802
"932","GKGPCAPO_01429","ERR7738549",0.509430097291217
"933","GKGPCAPO_01429","ERR7738562",2.84107318243569
"934","GKGPCAPO_01429","ERR7738578",1.27940021843439
"935","GKGPCAPO_01429","ERR7738597",0.884585501783775
"936","GKGPCAPO_01429","ERR7738620",1.76272130981248
"937","GKGPCAPO_01429","ERR7738633",2.06988937631338
"938","GKGPCAPO_01429","ERR7738665",0.554441861429745
"939","GKGPCAPO_01429","ERR7738937",4.41135566451744
"940","GKGPCAPO_01429","mean_rpkm_FBEB",4.27789130390944
"941","GKGPCAPO_01428","ERR525692",0.830324623460155
"942","GKGPCAPO_01428","ERR525697",1.25527438208588
"943","GKGPCAPO_01428","ERR525699",4.59313169447816
"944","GKGPCAPO_01428","ERR525706",2.90988230830949
"945","GKGPCAPO_01428","ERR525712",11.7982768569457
"946","GKGPCAPO_01428","ERR525716",0.0732386593706291
"947","GKGPCAPO_01428","ERR525720",1.25082718067415
"948","GKGPCAPO_01428","ERR525725",1.86188642011726
"949","GKGPCAPO_01428","ERR525729",1.96461394020125
"950","GKGPCAPO_01428","ERR525733",5.47418532066951
"951","GKGPCAPO_01428","ERR525737",1.01477816010105
"952","GKGPCAPO_01428","ERR525741",2.22690073777689
"953","GKGPCAPO_01428","ERR525746",6.64107888984636
"954","GKGPCAPO_01428","ERR525751",1.31399901033379
"955","GKGPCAPO_01428","ERR525753",0.551522483053934
"956","GKGPCAPO_01428","ERR525757",0.602688080265767
"957","GKGPCAPO_01428","ERR525759",2.07566684331787
"958","GKGPCAPO_01428","ERR525763",1.49284049819742
"959","GKGPCAPO_01428","ERR525771",0.543166617251722
"960","GKGPCAPO_01428","ERR525775",3.85379554606113
"961","GKGPCAPO_01428","ERR525779",12.154394502159
"962","GKGPCAPO_01428","ERR525787",1.48414565441547
"963","GKGPCAPO_01428","ERR525799",1.55872527920519
"964","GKGPCAPO_01428","ERR525809",2.83931702685334
"965","GKGPCAPO_01428","ERR525813",0.819842667106635
"966","GKGPCAPO_01428","ERR525815",2.07461640461969
"967","GKGPCAPO_01428","ERR525819",1.44591135156288
"968","GKGPCAPO_01428","ERR525823",11.6169808447189
"969","GKGPCAPO_01428","ERR525831",2.0444253355552
"970","GKGPCAPO_01428","ERR525835",0.713398626279391
"971","GKGPCAPO_01428","ERR525839",1.58719875042712
"972","GKGPCAPO_01428","ERR525847",0.178596970744769
"973","GKGPCAPO_01428","ERR525851",0.175154046573972
"974","GKGPCAPO_01428","ERR525855",3.80494595945597
"975","GKGPCAPO_01428","ERR525859",0.317200152010306
"976","GKGPCAPO_01428","ERR525863",1.25689620928927
"977","GKGPCAPO_01428","ERR525867",3.33478135395924
"978","GKGPCAPO_01428","ERR525871",4.49273676865952
"979","GKGPCAPO_01428","ERR525875",1.24875126033521
"980","GKGPCAPO_01428","ERR525879",8.02356462694443
"981","GKGPCAPO_01428","ERR525884",3.73531188799786
"982","GKGPCAPO_01428","ERR525889",0
"983","GKGPCAPO_01428","ERR525893",3.58055673259166
"984","GKGPCAPO_01428","ERR525895",5.27133026640202
"985","GKGPCAPO_01428","ERR525901",1.79565325043466
"986","GKGPCAPO_01428","ERR525903",0.30369158566033
"987","GKGPCAPO_01428","ERR525911",5.47420979841021
"988","GKGPCAPO_01428","ERR525915",6.93829407278452
"989","GKGPCAPO_01428","ERR525919",1.59829422338582
"990","GKGPCAPO_01428","ERR525923",2.12111627543975
"991","GKGPCAPO_01428","ERR525928",0.30252362568117
"992","GKGPCAPO_01428","ERR525931",2.37568098618306
"993","GKGPCAPO_01428","ERR525935",3.47689040954238
"994","GKGPCAPO_01428","ERR525953",3.52201802086518
"995","GKGPCAPO_01428","ERR525955",0
"996","GKGPCAPO_01428","ERR525959",1.51484230322121
"997","GKGPCAPO_01428","ERR525967",2.59788699198859
"998","GKGPCAPO_01428","ERR525971",2.81094986815546
"999","GKGPCAPO_01428","ERR525975",1.44866307752084
"1000","GKGPCAPO_01428","ERR525987",0
"1001","GKGPCAPO_01428","ERR525991",0.998634699793115
"1002","GKGPCAPO_01428","ERR525995",1.65537406895058
"1003","GKGPCAPO_01428","ERR525999",0.692304833499548
"1004","GKGPCAPO_01428","ERR526003",1.44243087573111
"1005","GKGPCAPO_01428","ERR526007",0.820865472585901
"1006","GKGPCAPO_01428","ERR526011",1.13704119792139
"1007","GKGPCAPO_01428","ERR526015",0.565319810835218
"1008","GKGPCAPO_01428","ERR526019",1.50093604435508
"1009","GKGPCAPO_01428","ERR526027",0.194943501269771
"1010","GKGPCAPO_01428","ERR526035",1.4203344424583
"1011","GKGPCAPO_01428","ERR526039",0
"1012","GKGPCAPO_01428","ERR526043",3.22888369050517
"1013","GKGPCAPO_01428","ERR526047",0.825070506800907
"1014","GKGPCAPO_01428","ERR526051",2.87395545054526
"1015","GKGPCAPO_01428","ERR526063",3.06192650262743
"1016","GKGPCAPO_01428","ERR526067",0.778608980898756
"1017","GKGPCAPO_01428","ERR526073",1.18132895327487
"1018","GKGPCAPO_01428","ERR526075",3.8542605241736
"1019","GKGPCAPO_01428","ERR526079",13.9163045385657
"1020","GKGPCAPO_01428","ERR526083",1.18035984742179
"1021","GKGPCAPO_01428","ERR526087",2.36381313876085
"1022","GKGPCAPO_01428","ERR7738276",4.56342408880477
"1023","GKGPCAPO_01428","ERR7738514",0.508832398770534
"1024","GKGPCAPO_01428","ERR7738546",1.28439535104566
"1025","GKGPCAPO_01428","ERR7738547",0.308920289787411
"1026","GKGPCAPO_01428","ERR7738549",0.534624863307091
"1027","GKGPCAPO_01428","ERR7738562",1.96597114919333
"1028","GKGPCAPO_01428","ERR7738578",1.64546314585135
"1029","GKGPCAPO_01428","ERR7738597",0.440724336881632
"1030","GKGPCAPO_01428","ERR7738620",1.63937249002419
"1031","GKGPCAPO_01428","ERR7738633",1.78598022660773
"1032","GKGPCAPO_01428","ERR7738665",0.343612969907874
"1033","GKGPCAPO_01428","ERR7738937",2.8042634631489
"1034","GKGPCAPO_01428","mean_rpkm_FBEB",2.40737480939745
"1035","E.coli_K12_frdA","ERR525692",74.2968414318675
"1036","E.coli_K12_frdA","ERR525697",3.10643979546875
"1037","E.coli_K12_frdA","ERR525699",61.7250499343723
"1038","E.coli_K12_frdA","ERR525706",3.35919182164937
"1039","E.coli_K12_frdA","ERR525712",6.29692444443561
"1040","E.coli_K12_frdA","ERR525716",0.296841266172168
"1041","E.coli_K12_frdA","ERR525720",5.96963215759426
"1042","E.coli_K12_frdA","ERR525725",0.0611040668555546
"1043","E.coli_K12_frdA","ERR525729",0.665778752537738
"1044","E.coli_K12_frdA","ERR525733",0.264834493125545
"1045","E.coli_K12_frdA","ERR525737",4.02667890454689
"1046","E.coli_K12_frdA","ERR525741",3.61609779835247
"1047","E.coli_K12_frdA","ERR525746",45.7665322490896
"1048","E.coli_K12_frdA","ERR525751",0.054622844431786
"1049","E.coli_K12_frdA","ERR525753",46.6272777851313
"1050","E.coli_K12_frdA","ERR525757",0
"1051","E.coli_K12_frdA","ERR525759",23.5817783695765
"1052","E.coli_K12_frdA","ERR525763",0.620572722302078
"1053","E.coli_K12_frdA","ERR525771",0.254018219013243
"1054","E.coli_K12_frdA","ERR525775",3.18048095987485
"1055","E.coli_K12_frdA","ERR525779",62.1308593477555
"1056","E.coli_K12_frdA","ERR525787",0
"1057","E.coli_K12_frdA","ERR525799",5.27091334368812
"1058","E.coli_K12_frdA","ERR525809",0
"1059","E.coli_K12_frdA","ERR525813",50.9639051295312
"1060","E.coli_K12_frdA","ERR525815",4.44683532831003
"1061","E.coli_K12_frdA","ERR525819",2.1214034462497
"1062","E.coli_K12_frdA","ERR525823",0.0266314554532138
"1063","E.coli_K12_frdA","ERR525831",0.286829823197297
"1064","E.coli_K12_frdA","ERR525835",0.917480322851854
"1065","E.coli_K12_frdA","ERR525839",14.7464714417793
"1066","E.coli_K12_frdA","ERR525847",1.58693626741372
"1067","E.coli_K12_frdA","ERR525851",0.300347071571288
"1068","E.coli_K12_frdA","ERR525855",0
"1069","E.coli_K12_frdA","ERR525859",24.3034232554364
"1070","E.coli_K12_frdA","ERR525863",0.108852260616539
"1071","E.coli_K12_frdA","ERR525867",0.329660867575795
"1072","E.coli_K12_frdA","ERR525871",0.263903878256156
"1073","E.coli_K12_frdA","ERR525875",0.778657502298573
"1074","E.coli_K12_frdA","ERR525879",3.04733363609202
"1075","E.coli_K12_frdA","ERR525884",0.232914970130547
"1076","E.coli_K12_frdA","ERR525889",0.108187138719375
"1077","E.coli_K12_frdA","ERR525893",0.0858712419603563
"1078","E.coli_K12_frdA","ERR525895",4.93039845812726
"1079","E.coli_K12_frdA","ERR525901",0.121704092249519
"1080","E.coli_K12_frdA","ERR525903",19.6704515110042
"1081","E.coli_K12_frdA","ERR525911",0
"1082","E.coli_K12_frdA","ERR525915",0.0569258656578288
"1083","E.coli_K12_frdA","ERR525919",77.7945663200472
"1084","E.coli_K12_frdA","ERR525923",0.309989007915635
"1085","E.coli_K12_frdA","ERR525928",0.245229764897108
"1086","E.coli_K12_frdA","ERR525931",0.164594813120477
"1087","E.coli_K12_frdA","ERR525935",7.71075705330973
"1088","E.coli_K12_frdA","ERR525953",1.12552715194149
"1089","E.coli_K12_frdA","ERR525955",6.03043283501603
"1090","E.coli_K12_frdA","ERR525959",18.2701326227726
"1091","E.coli_K12_frdA","ERR525967",0.107993975565253
"1092","E.coli_K12_frdA","ERR525971",0.106228167287447
"1093","E.coli_K12_frdA","ERR525975",0.0301104100137001
"1094","E.coli_K12_frdA","ERR525987",0.0512156866886218
"1095","E.coli_K12_frdA","ERR525991",14.5088538606095
"1096","E.coli_K12_frdA","ERR525995",84.3570938891456
"1097","E.coli_K12_frdA","ERR525999",0
"1098","E.coli_K12_frdA","ERR526003",38.2256142523767
"1099","E.coli_K12_frdA","ERR526007",0
"1100","E.coli_K12_frdA","ERR526011",129.244939924038
"1101","E.coli_K12_frdA","ERR526015",0
"1102","E.coli_K12_frdA","ERR526019",63.6728764740075
"1103","E.coli_K12_frdA","ERR526027",0
"1104","E.coli_K12_frdA","ERR526035",0.959452011433962
"1105","E.coli_K12_frdA","ERR526039",33.4330538762516
"1106","E.coli_K12_frdA","ERR526043",0.266475036793228
"1107","E.coli_K12_frdA","ERR526047",0.03674798750973
"1108","E.coli_K12_frdA","ERR526051",0.358410364645114
"1109","E.coli_K12_frdA","ERR526063",0
"1110","E.coli_K12_frdA","ERR526067",0
"1111","E.coli_K12_frdA","ERR526073",28.1588358426629
"1112","E.coli_K12_frdA","ERR526075",6.4889639869669
"1113","E.coli_K12_frdA","ERR526079",36.6651017720015
"1114","E.coli_K12_frdA","ERR526083",23.5858426318837
"1115","E.coli_K12_frdA","ERR526087",0.784523442618752
"1116","E.coli_K12_frdA","ERR7738276",32.1738953764476
"1117","E.coli_K12_frdA","ERR7738514",6.22930118083569
"1118","E.coli_K12_frdA","ERR7738546",0.00556168983776911
"1119","E.coli_K12_frdA","ERR7738547",2.36728338676578
"1120","E.coli_K12_frdA","ERR7738549",0.0101019623399903
"1121","E.coli_K12_frdA","ERR7738562",0.60313256190974
"1122","E.coli_K12_frdA","ERR7738578",0.720991784942082
"1123","E.coli_K12_frdA","ERR7738597",0
"1124","E.coli_K12_frdA","ERR7738620",0.1323421407192
"1125","E.coli_K12_frdA","ERR7738633",0.175377329939412
"1126","E.coli_K12_frdA","ERR7738665",0
"1127","E.coli_K12_frdA","ERR7738937",0.152172073225432
"1128","E.coli_K12_frdA","mean_rpkm_FBEB",11.7835625625893
"1129","E.coli_K12_frdB","ERR525692",78.394349471357
"1130","E.coli_K12_frdB","ERR525697",2.01424534658494
"1131","E.coli_K12_frdB","ERR525699",67.2915073890706
"1132","E.coli_K12_frdB","ERR525706",6.18770068179633
"1133","E.coli_K12_frdB","ERR525712",8.777572657553
"1134","E.coli_K12_frdB","ERR525716",0.121311611997165
"1135","E.coli_K12_frdB","ERR525720",4.94057662417415
"1136","E.coli_K12_frdB","ERR525725",0.568106313209903
"1137","E.coli_K12_frdB","ERR525729",0.495198610477849
"1138","E.coli_K12_frdB","ERR525733",0.625336071873534
"1139","E.coli_K12_frdB","ERR525737",5.04259808191181
"1140","E.coli_K12_frdB","ERR525741",2.99699636736053
"1141","E.coli_K12_frdB","ERR525746",61.1439752608956
"1142","E.coli_K12_frdB","ERR525751",0.0725497250933193
"1143","E.coli_K12_frdB","ERR525753",44.5348331029895
"1144","E.coli_K12_frdB","ERR525757",0
"1145","E.coli_K12_frdB","ERR525759",31.0117427861208
"1146","E.coli_K12_frdB","ERR525763",0.824240862440866
"1147","E.coli_K12_frdB","ERR525771",0.524821782895202
"1148","E.coli_K12_frdB","ERR525775",3.31685400543777
"1149","E.coli_K12_frdB","ERR525779",66.8982513843134
"1150","E.coli_K12_frdB","ERR525787",0.081944018511045
"1151","E.coli_K12_frdB","ERR525799",5.85882100879159
"1152","E.coli_K12_frdB","ERR525809",0.167964632173829
"1153","E.coli_K12_frdB","ERR525813",50.1929295089195
"1154","E.coli_K12_frdB","ERR525815",4.15227923567788
"1155","E.coli_K12_frdB","ERR525819",1.83146273294619
"1156","E.coli_K12_frdB","ERR525823",0.0707434697721936
"1157","E.coli_K12_frdB","ERR525831",0.08465902270581
"1158","E.coli_K12_frdB","ERR525835",1.9940591558338
"1159","E.coli_K12_frdB","ERR525839",15.9055494161745
"1160","E.coli_K12_frdB","ERR525847",2.29265010022139
"1161","E.coli_K12_frdB","ERR525851",0.145061501127342
"1162","E.coli_K12_frdB","ERR525855",0
"1163","E.coli_K12_frdB","ERR525859",25.2195081210661
"1164","E.coli_K12_frdB","ERR525863",0
"1165","E.coli_K12_frdB","ERR525867",0.538896653739625
"1166","E.coli_K12_frdB","ERR525871",0.269627310383704
"1167","E.coli_K12_frdB","ERR525875",0.44323203954
"1168","E.coli_K12_frdB","ERR525879",3.26212367211613
"1169","E.coli_K12_frdB","ERR525884",0.38669528355925
"1170","E.coli_K12_frdB","ERR525889",0.14369349041362
"1171","E.coli_K12_frdB","ERR525893",0.380178846564573
"1172","E.coli_K12_frdB","ERR525895",5.44031293099085
"1173","E.coli_K12_frdB","ERR525901",0.193975949673463
"1174","E.coli_K12_frdB","ERR525903",24.4598822054089
"1175","E.coli_K12_frdB","ERR525911",0
"1176","E.coli_K12_frdB","ERR525915",0.0504057224547295
"1177","E.coli_K12_frdB","ERR525919",83.5486664727344
"1178","E.coli_K12_frdB","ERR525923",0.0548967317982754
"1179","E.coli_K12_frdB","ERR525928",0.450986761808405
"1180","E.coli_K12_frdB","ERR525931",0.0728712718881409
"1181","E.coli_K12_frdB","ERR525935",8.20397015593791
"1182","E.coli_K12_frdB","ERR525953",0.875074080955049
"1183","E.coli_K12_frdB","ERR525955",6.78644530193054
"1184","E.coli_K12_frdB","ERR525959",22.7805870129672
"1185","E.coli_K12_frdB","ERR525967",0
"1186","E.coli_K12_frdB","ERR525971",0.141091596639495
"1187","E.coli_K12_frdB","ERR525975",0.239954765263363
"1188","E.coli_K12_frdB","ERR525987",0
"1189","E.coli_K12_frdB","ERR525991",14.9698420989252
"1190","E.coli_K12_frdB","ERR525995",96.173587207639
"1191","E.coli_K12_frdB","ERR525999",0
"1192","E.coli_K12_frdB","ERR526003",44.3499836879528
"1193","E.coli_K12_frdB","ERR526007",0
"1194","E.coli_K12_frdB","ERR526011",140.782730875676
"1195","E.coli_K12_frdB","ERR526015",0
"1196","E.coli_K12_frdB","ERR526019",63.8935911181144
"1197","E.coli_K12_frdB","ERR526027",0
"1198","E.coli_K12_frdB","ERR526035",0.686182131525373
"1199","E.coli_K12_frdB","ERR526039",38.5043637005845
"1200","E.coli_K12_frdB","ERR526043",0.393256111567098
"1201","E.coli_K12_frdB","ERR526047",0.0976169007417058
"1202","E.coli_K12_frdB","ERR526051",0.396698696551034
"1203","E.coli_K12_frdB","ERR526063",0.230533513213439
"1204","E.coli_K12_frdB","ERR526067",0
"1205","E.coli_K12_frdB","ERR526073",36.8222647542209
"1206","E.coli_K12_frdB","ERR526075",12.6884973115195
"1207","E.coli_K12_frdB","ERR526079",36.4970923728024
"1208","E.coli_K12_frdB","ERR526083",31.1932661640646
"1209","E.coli_K12_frdB","ERR526087",0.75781759855684
"1210","E.coli_K12_frdB","ERR7738276",28.6617993345671
"1211","E.coli_K12_frdB","ERR7738514",5.94190714828605
"1212","E.coli_K12_frdB","ERR7738546",0.0147740042827082
"1213","E.coli_K12_frdB","ERR7738547",2.35647519916666
"1214","E.coli_K12_frdB","ERR7738549",0
"1215","E.coli_K12_frdB","ERR7738562",0.547076940758786
"1216","E.coli_K12_frdB","ERR7738578",0.527916977063234
"1217","E.coli_K12_frdB","ERR7738597",0
"1218","E.coli_K12_frdB","ERR7738620",0.0969798703979065
"1219","E.coli_K12_frdB","ERR7738633",0.197994824802744
"1220","E.coli_K12_frdB","ERR7738665",0
"1221","E.coli_K12_frdB","ERR7738937",0.102894404659119
"1222","E.coli_K12_frdB","mean_rpkm_FBEB",13.0041839921063
"1223","E.coli_K12_frdC","ERR525692",45.1935687072679
"1224","E.coli_K12_frdC","ERR525697",1.35030395678605
"1225","E.coli_K12_frdC","ERR525699",44.0351722433215
"1226","E.coli_K12_frdC","ERR525706",2.29068770977694
"1227","E.coli_K12_frdC","ERR525712",4.05950100496804
"1228","E.coli_K12_frdC","ERR525716",0
"1229","E.coli_K12_frdC","ERR525720",3.82159550325147
"1230","E.coli_K12_frdC","ERR525725",0.259477128971123
"1231","E.coli_K12_frdC","ERR525729",0.339265848828386
"1232","E.coli_K12_frdC","ERR525733",0.999656959966846
"1233","E.coli_K12_frdC","ERR525737",2.07633226612224
"1234","E.coli_K12_frdC","ERR525741",3.68536389702514
"1235","E.coli_K12_frdC","ERR525746",52.4119242329085
"1236","E.coli_K12_frdC","ERR525751",0.115977377437912
"1237","E.coli_K12_frdC","ERR525753",24.9479771090359
"1238","E.coli_K12_frdC","ERR525757",0
"1239","E.coli_K12_frdC","ERR525759",11.1021864847661
"1240","E.coli_K12_frdC","ERR525763",0.131762447728223
"1241","E.coli_K12_frdC","ERR525771",0.119853666717516
"1242","E.coli_K12_frdC","ERR525775",2.10090925377649
"1243","E.coli_K12_frdC","ERR525779",34.8654227268504
"1244","E.coli_K12_frdC","ERR525787",0
"1245","E.coli_K12_frdC","ERR525799",4.12732890831797
"1246","E.coli_K12_frdC","ERR525809",0
"1247","E.coli_K12_frdC","ERR525813",26.9686490343355
"1248","E.coli_K12_frdC","ERR525815",2.40334083492915
"1249","E.coli_K12_frdC","ERR525819",1.23866805096605
"1250","E.coli_K12_frdC","ERR525823",0.11308991294569
"1251","E.coli_K12_frdC","ERR525831",0.135335198269147
"1252","E.coli_K12_frdC","ERR525835",0.708374692291508
"1253","E.coli_K12_frdC","ERR525839",10.0865362844045
"1254","E.coli_K12_frdC","ERR525847",2.71920176584641
"1255","E.coli_K12_frdC","ERR525851",0.231894089830329
"1256","E.coli_K12_frdC","ERR525855",0
"1257","E.coli_K12_frdC","ERR525859",19.7378911490357
"1258","E.coli_K12_frdC","ERR525863",0
"1259","E.coli_K12_frdC","ERR525867",0.430737818305968
"1260","E.coli_K12_frdC","ERR525871",0.172409575935495
"1261","E.coli_K12_frdC","ERR525875",0.354273496392887
"1262","E.coli_K12_frdC","ERR525879",1.73826777833418
"1263","E.coli_K12_frdC","ERR525884",0.24726712498014
"1264","E.coli_K12_frdC","ERR525889",0.229707199464026
"1265","E.coli_K12_frdC","ERR525893",0
"1266","E.coli_K12_frdC","ERR525895",4.07999820402774
"1267","E.coli_K12_frdC","ERR525901",0
"1268","E.coli_K12_frdC","ERR525903",13.8714339760063
"1269","E.coli_K12_frdC","ERR525911",0
"1270","E.coli_K12_frdC","ERR525915",0.0805781619522789
"1271","E.coli_K12_frdC","ERR525919",48.1712901891711
"1272","E.coli_K12_frdC","ERR525923",0.263272354610039
"1273","E.coli_K12_frdC","ERR525928",0.0801048473634648
"1274","E.coli_K12_frdC","ERR525931",0
"1275","E.coli_K12_frdC","ERR525935",2.51873591719706
"1276","E.coli_K12_frdC","ERR525953",0.349721507705627
"1277","E.coli_K12_frdC","ERR525955",6.18126687629982
"1278","E.coli_K12_frdC","ERR525959",13.3000683760949
"1279","E.coli_K12_frdC","ERR525967",0
"1280","E.coli_K12_frdC","ERR525971",0
"1281","E.coli_K12_frdC","ERR525975",0.255726439975509
"1282","E.coli_K12_frdC","ERR525987",0
"1283","E.coli_K12_frdC","ERR525991",6.61068040708118
"1284","E.coli_K12_frdC","ERR525995",53.3659958650843
"1285","E.coli_K12_frdC","ERR525999",0
"1286","E.coli_K12_frdC","ERR526003",24.9454198808217
"1287","E.coli_K12_frdC","ERR526007",0
"1288","E.coli_K12_frdC","ERR526011",91.2008466943094
"1289","E.coli_K12_frdC","ERR526015",0
"1290","E.coli_K12_frdC","ERR526019",37.3585095434407
"1291","E.coli_K12_frdC","ERR526027",0
"1292","E.coli_K12_frdC","ERR526035",0.626814260990985
"1293","E.coli_K12_frdC","ERR526039",20.4729800319198
"1294","E.coli_K12_frdC","ERR526043",0.125731179332016
"1295","E.coli_K12_frdC","ERR526047",0
"1296","E.coli_K12_frdC","ERR526051",0.253663673569253
"1297","E.coli_K12_frdC","ERR526063",0.245685950701646
"1298","E.coli_K12_frdC","ERR526067",0
"1299","E.coli_K12_frdC","ERR526073",16.7775937896605
"1300","E.coli_K12_frdC","ERR526075",4.20982962886849
"1301","E.coli_K12_frdC","ERR526079",22.0637914767245
"1302","E.coli_K12_frdC","ERR526083",12.7859722268737
"1303","E.coli_K12_frdC","ERR526087",0.403813602986861
"1304","E.coli_K12_frdC","ERR7738276",18.9030525968346
"1305","E.coli_K12_frdC","ERR7738514",3.68270434715801
"1306","E.coli_K12_frdC","ERR7738546",0
"1307","E.coli_K12_frdC","ERR7738547",1.16240132762113
"1308","E.coli_K12_frdC","ERR7738549",0
"1309","E.coli_K12_frdC","ERR7738562",0.166581442726015
"1310","E.coli_K12_frdC","ERR7738578",0.392522613145608
"1311","E.coli_K12_frdC","ERR7738597",0
"1312","E.coli_K12_frdC","ERR7738620",0.0775156006349464
"1313","E.coli_K12_frdC","ERR7738633",0.0744736126432856
"1314","E.coli_K12_frdC","ERR7738665",0
"1315","E.coli_K12_frdC","ERR7738937",0.105741080844356
"1316","E.coli_K12_frdC","mean_rpkm_FBEB",7.64209063574697
"1317","E.coli_K12_frdD","ERR525692",43.7879025472102
"1318","E.coli_K12_frdD","ERR525697",1.20897327782862
"1319","E.coli_K12_frdD","ERR525699",43.9320453762411
"1320","E.coli_K12_frdD","ERR525706",1.69667927236831
"1321","E.coli_K12_frdD","ERR525712",3.59510334901838
"1322","E.coli_K12_frdD","ERR525716",0
"1323","E.coli_K12_frdD","ERR525720",3.55846925548662
"1324","E.coli_K12_frdD","ERR525725",0
"1325","E.coli_K12_frdD","ERR525729",0.131627733698445
"1326","E.coli_K12_frdD","ERR525733",0.145441893765668
"1327","E.coli_K12_frdD","ERR525737",2.1323952395566
"1328","E.coli_K12_frdD","ERR525741",2.14476095646545
"1329","E.coli_K12_frdD","ERR525746",43.4603966182877
"1330","E.coli_K12_frdD","ERR525751",0
"1331","E.coli_K12_frdD","ERR525753",25.9215567035349
"1332","E.coli_K12_frdD","ERR525757",0
"1333","E.coli_K12_frdD","ERR525759",11.0030759091027
"1334","E.coli_K12_frdD","ERR525763",0.306725697990289
"1335","E.coli_K12_frdD","ERR525771",0.139501808802355
"1336","E.coli_K12_frdD","ERR525775",2.32887676843295
"1337","E.coli_K12_frdD","ERR525779",33.7525210713984
"1338","E.coli_K12_frdD","ERR525787",0
"1339","E.coli_K12_frdD","ERR525799",4.98870713571598
"1340","E.coli_K12_frdD","ERR525809",0
"1341","E.coli_K12_frdD","ERR525813",28.3771015469646
"1342","E.coli_K12_frdD","ERR525815",2.26450615750155
"1343","E.coli_K12_frdD","ERR525819",1.17959595315544
"1344","E.coli_K12_frdD","ERR525823",0
"1345","E.coli_K12_frdD","ERR525831",0
"1346","E.coli_K12_frdD","ERR525835",0.549667794018547
"1347","E.coli_K12_frdD","ERR525839",11.6177744600936
"1348","E.coli_K12_frdD","ERR525847",1.65129002459098
"1349","E.coli_K12_frdD","ERR525851",0.269909514392678
"1350","E.coli_K12_frdD","ERR525855",0
"1351","E.coli_K12_frdD","ERR525859",14.9084071444844
"1352","E.coli_K12_frdD","ERR525863",0.107603136314382
"1353","E.coli_K12_frdD","ERR525867",0.125337643851327
"1354","E.coli_K12_frdD","ERR525871",0.100336720421477
"1355","E.coli_K12_frdD","ERR525875",0.412351118752377
"1356","E.coli_K12_frdD","ERR525879",1.12401650511591
"1357","E.coli_K12_frdD","ERR525884",0.14390135961959
"1358","E.coli_K12_frdD","ERR525889",0
"1359","E.coli_K12_frdD","ERR525893",0.282952780885764
"1360","E.coli_K12_frdD","ERR525895",1.99951594468314
"1361","E.coli_K12_frdD","ERR525901",0
"1362","E.coli_K12_frdD","ERR525903",11.9335857512756
"1363","E.coli_K12_frdD","ERR525911",0
"1364","E.coli_K12_frdD","ERR525915",0
"1365","E.coli_K12_frdD","ERR525919",49.5486621922927
"1366","E.coli_K12_frdD","ERR525923",0.102143919001709
"1367","E.coli_K12_frdD","ERR525928",0.186473579108393
"1368","E.coli_K12_frdD","ERR525931",0
"1369","E.coli_K12_frdD","ERR525935",3.33600805765557
"1370","E.coli_K12_frdD","ERR525953",0
"1371","E.coli_K12_frdD","ERR525955",4.99216401451581
"1372","E.coli_K12_frdD","ERR525959",13.6375018048404
"1373","E.coli_K12_frdD","ERR525967",0
"1374","E.coli_K12_frdD","ERR525971",0
"1375","E.coli_K12_frdD","ERR525975",0.297648807184609
"1376","E.coli_K12_frdD","ERR525987",0
"1377","E.coli_K12_frdD","ERR525991",6.0016308351501
"1378","E.coli_K12_frdD","ERR525995",40.1767427718252
"1379","E.coli_K12_frdD","ERR525999",0
"1380","E.coli_K12_frdD","ERR526003",21.671932747665
"1381","E.coli_K12_frdD","ERR526007",0
"1382","E.coli_K12_frdD","ERR526011",69.2103929161001
"1383","E.coli_K12_frdD","ERR526015",0
"1384","E.coli_K12_frdD","ERR526019",30.6847099953072
"1385","E.coli_K12_frdD","ERR526027",0
"1386","E.coli_K12_frdD","ERR526035",0.547178022914262
"1387","E.coli_K12_frdD","ERR526039",20.5585308967269
"1388","E.coli_K12_frdD","ERR526043",0.292685696149939
"1389","E.coli_K12_frdD","ERR526047",0
"1390","E.coli_K12_frdD","ERR526051",0.442871823526647
"1391","E.coli_K12_frdD","ERR526063",0.142981168031286
"1392","E.coli_K12_frdD","ERR526067",0
"1393","E.coli_K12_frdD","ERR526073",15.2252351533846
"1394","E.coli_K12_frdD","ERR526075",4.15754659820694
"1395","E.coli_K12_frdD","ERR526079",19.4591677913278
"1396","E.coli_K12_frdD","ERR526083",16.5355924974141
"1397","E.coli_K12_frdD","ERR526087",0.705018831444273
"1398","E.coli_K12_frdD","ERR7738276",13.7926948573049
"1399","E.coli_K12_frdD","ERR7738514",3.37164025545984
"1400","E.coli_K12_frdD","ERR7738546",0
"1401","E.coli_K12_frdD","ERR7738547",1.45317810174371
"1402","E.coli_K12_frdD","ERR7738549",0
"1403","E.coli_K12_frdD","ERR7738562",0.193889875959788
"1404","E.coli_K12_frdD","ERR7738578",0.274122349508244
"1405","E.coli_K12_frdD","ERR7738597",0
"1406","E.coli_K12_frdD","ERR7738620",0.11277884518609
"1407","E.coli_K12_frdD","ERR7738633",0.0433412008006006
"1408","E.coli_K12_frdD","ERR7738665",0
"1409","E.coli_K12_frdD","ERR7738937",0.0683753801452574
"1410","E.coli_K12_frdD","mean_rpkm_FBEB",6.86565005545062
"1411","B.theta frdC","ERR525692",8.91607841987736
"1412","B.theta frdC","ERR525697",1.54010571778007
"1413","B.theta frdC","ERR525699",1.43499585967909
"1414","B.theta frdC","ERR525706",0.296894537046664
"1415","B.theta frdC","ERR525712",11.3236473815897
"1416","B.theta frdC","ERR525716",0.110593316961271
"1417","B.theta frdC","ERR525720",1.08969189048536
"1418","B.theta frdC","ERR525725",4.06930999450696
"1419","B.theta frdC","ERR525729",12.7049837418009
"1420","B.theta frdC","ERR525733",2.13782060715801
"1421","B.theta frdC","ERR525737",0.975135493751717
"1422","B.theta frdC","ERR525741",0.560451591301279
"1423","B.theta frdC","ERR525746",1.04190086583518
"1424","B.theta frdC","ERR525751",5.95257382994584
"1425","B.theta frdC","ERR525753",4.64991780224053
"1426","B.theta frdC","ERR525757",0.966963405888249
"1427","B.theta frdC","ERR525759",3.25971390526514
"1428","B.theta frdC","ERR525763",1.42769110028412
"1429","B.theta frdC","ERR525771",1.02525425746309
"1430","B.theta frdC","ERR525775",2.16800656595485
"1431","B.theta frdC","ERR525779",1.72065223373937
"1432","B.theta frdC","ERR525787",1.94230360342244
"1433","B.theta frdC","ERR525799",3.25902152908889
"1434","B.theta frdC","ERR525809",2.44999013676846
"1435","B.theta frdC","ERR525813",3.52352523471965
"1436","B.theta frdC","ERR525815",2.15376843612124
"1437","B.theta frdC","ERR525819",5.39424334133735
"1438","B.theta frdC","ERR525823",0.193479128172144
"1439","B.theta frdC","ERR525831",2.5469105987519
"1440","B.theta frdC","ERR525835",5.65561802520288
"1441","B.theta frdC","ERR525839",2.63640724167332
"1442","B.theta frdC","ERR525847",7.41643645582695
"1443","B.theta frdC","ERR525851",1.71918269006742
"1444","B.theta frdC","ERR525855",6.6649206011097
"1445","B.theta frdC","ERR525859",2.81403668992276
"1446","B.theta frdC","ERR525863",2.0034061845521
"1447","B.theta frdC","ERR525867",3.43898306342275
"1448","B.theta frdC","ERR525871",4.12952092722607
"1449","B.theta frdC","ERR525875",13.1996518763144
"1450","B.theta frdC","ERR525879",1.54202424958874
"1451","B.theta frdC","ERR525884",5.21743564114721
"1452","B.theta frdC","ERR525889",0.523990720062517
"1453","B.theta frdC","ERR525893",1.10908399254822
"1454","B.theta frdC","ERR525895",5.20456333995083
"1455","B.theta frdC","ERR525901",1.35575426137236
"1456","B.theta frdC","ERR525903",0.515909802145862
"1457","B.theta frdC","ERR525911",1.14017608874241
"1458","B.theta frdC","ERR525915",1.33261393943568
"1459","B.theta frdC","ERR525919",4.68500702191621
"1460","B.theta frdC","ERR525923",0.70064985403582
"1461","B.theta frdC","ERR525928",10.5526072418328
"1462","B.theta frdC","ERR525931",11.8914794804451
"1463","B.theta frdC","ERR525935",3.91291781181506
"1464","B.theta frdC","ERR525953",3.19103319480797
"1465","B.theta frdC","ERR525955",2.87759985717424
"1466","B.theta frdC","ERR525959",5.89927173843743
"1467","B.theta frdC","ERR525967",3.33447663710664
"1468","B.theta frdC","ERR525971",2.05801075901464
"1469","B.theta frdC","ERR525975",0.94793375139516
"1470","B.theta frdC","ERR525987",2.54258116868031
"1471","B.theta frdC","ERR525991",5.202525833621
"1472","B.theta frdC","ERR525995",1.87476099375126
"1473","B.theta frdC","ERR525999",2.98688029140367
"1474","B.theta frdC","ERR526003",6.19405306777305
"1475","B.theta frdC","ERR526007",4.45107484441249
"1476","B.theta frdC","ERR526011",5.22247436421456
"1477","B.theta frdC","ERR526015",1.99186310859209
"1478","B.theta frdC","ERR526019",3.77745617588694
"1479","B.theta frdC","ERR526027",1.9134213538286
"1480","B.theta frdC","ERR526035",2.1447620496559
"1481","B.theta frdC","ERR526039",2.21297560887854
"1482","B.theta frdC","ERR526043",3.01148897002467
"1483","B.theta frdC","ERR526047",3.20371611590851
"1484","B.theta frdC","ERR526051",1.73591526008838
"1485","B.theta frdC","ERR526063",7.14561307221415
"1486","B.theta frdC","ERR526067",6.03898108441518
"1487","B.theta frdC","ERR526073",0.40542140053975
"1488","B.theta frdC","ERR526075",0.218253306790553
"1489","B.theta frdC","ERR526079",0.583727187249076
"1490","B.theta frdC","ERR526083",2.7546039228624
"1491","B.theta frdC","ERR526087",4.89360460647732
"1492","B.theta frdC","ERR7738276",4.43623625159158
"1493","B.theta frdC","ERR7738514",4.37963693592373
"1494","B.theta frdC","ERR7738546",2.11458127964433
"1495","B.theta frdC","ERR7738547",5.65916374451392
"1496","B.theta frdC","ERR7738549",1.14979805091431
"1497","B.theta frdC","ERR7738562",10.9247990350033
"1498","B.theta frdC","ERR7738578",1.33189701143263
"1499","B.theta frdC","ERR7738597",1.90473966284476
"1500","B.theta frdC","ERR7738620",1.62455888318662
"1501","B.theta frdC","ERR7738633",1.61389403141835
"1502","B.theta frdC","ERR7738665",2.5790860571493
"1503","B.theta frdC","ERR7738937",4.27475187870382
"1504","B.theta frdC","mean_rpkm_FBEB",3.43016800295511
"1505","B.theta frdA","ERR525692",11.6974931449736
"1506","B.theta frdA","ERR525697",3.51586298587136
"1507","B.theta frdA","ERR525699",0.432793082679377
"1508","B.theta frdA","ERR525706",0.659036827002421
"1509","B.theta frdA","ERR525712",14.377228365421
"1510","B.theta frdA","ERR525716",0.827199431806252
"1511","B.theta frdA","ERR525720",1.29707123863587
"1512","B.theta frdA","ERR525725",7.35486916343341
"1513","B.theta frdA","ERR525729",19.8865016737662
"1514","B.theta frdA","ERR525733",2.16640774318396
"1515","B.theta frdA","ERR525737",2.55446623529312
"1516","B.theta frdA","ERR525741",1.38605869563827
"1517","B.theta frdA","ERR525746",2.76527758868464
"1518","B.theta frdA","ERR525751",7.27690614715084
"1519","B.theta frdA","ERR525753",7.70278816771709
"1520","B.theta frdA","ERR525757",1.78412023760845
"1521","B.theta frdA","ERR525759",5.80800545553503
"1522","B.theta frdA","ERR525763",1.55918896478397
"1523","B.theta frdA","ERR525771",1.61616630430325
"1524","B.theta frdA","ERR525775",3.38634930107605
"1525","B.theta frdA","ERR525779",2.72158720562717
"1526","B.theta frdA","ERR525787",3.35255847826874
"1527","B.theta frdA","ERR525799",6.24698425852003
"1528","B.theta frdA","ERR525809",2.99260241451569
"1529","B.theta frdA","ERR525813",6.45656655007593
"1530","B.theta frdA","ERR525815",3.46439496507875
"1531","B.theta frdA","ERR525819",7.0034064643415
"1532","B.theta frdA","ERR525823",0.653554496907068
"1533","B.theta frdA","ERR525831",3.91055776393989
"1534","B.theta frdA","ERR525835",8.47990401993148
"1535","B.theta frdA","ERR525839",5.92738758153694
"1536","B.theta frdA","ERR525847",7.41800441279435
"1537","B.theta frdA","ERR525851",2.01019818568035
"1538","B.theta frdA","ERR525855",9.34364946539894
"1539","B.theta frdA","ERR525859",4.27605476237149
"1540","B.theta frdA","ERR525863",3.7398345865545
"1541","B.theta frdA","ERR525867",4.38584592515418
"1542","B.theta frdA","ERR525871",6.00192483048314
"1543","B.theta frdA","ERR525875",13.6491416827337
"1544","B.theta frdA","ERR525879",1.70083737828392
"1545","B.theta frdA","ERR525884",6.46440603872498
"1546","B.theta frdA","ERR525889",0.379283980510368
"1547","B.theta frdA","ERR525893",2.74288722866394
"1548","B.theta frdA","ERR525895",8.48002074698829
"1549","B.theta frdA","ERR525901",2.50314184152267
"1550","B.theta frdA","ERR525903",0.746869422873951
"1551","B.theta frdA","ERR525911",2.71661868237064
"1552","B.theta frdA","ERR525915",2.17311182505409
"1553","B.theta frdA","ERR525919",6.30280366796197
"1554","B.theta frdA","ERR525923",1.88372390158966
"1555","B.theta frdA","ERR525928",17.3709534895005
"1556","B.theta frdA","ERR525931",14.4259698127395
"1557","B.theta frdA","ERR525935",6.23826453910434
"1558","B.theta frdA","ERR525953",4.01004958770987
"1559","B.theta frdA","ERR525955",5.13785416359425
"1560","B.theta frdA","ERR525959",9.17928922376228
"1561","B.theta frdA","ERR525967",8.07694477715936
"1562","B.theta frdA","ERR525971",2.29656651196728
"1563","B.theta frdA","ERR525975",2.28716573737786
"1564","B.theta frdA","ERR525987",2.57358825610324
"1565","B.theta frdA","ERR525991",9.05970689277428
"1566","B.theta frdA","ERR525995",3.16638412026012
"1567","B.theta frdA","ERR525999",3.8195600005479
"1568","B.theta frdA","ERR526003",6.27359591639447
"1569","B.theta frdA","ERR526007",8.64598685924516
"1570","B.theta frdA","ERR526011",3.52130200441545
"1571","B.theta frdA","ERR526015",2.3343179785909
"1572","B.theta frdA","ERR526019",5.97892249606663
"1573","B.theta frdA","ERR526027",2.6279592923111
"1574","B.theta frdA","ERR526035",4.52800418186802
"1575","B.theta frdA","ERR526039",5.92862731785163
"1576","B.theta frdA","ERR526043",5.19006612358903
"1577","B.theta frdA","ERR526047",4.85265721109592
"1578","B.theta frdA","ERR526051",2.6526534546118
"1579","B.theta frdA","ERR526063",10.6825774998879
"1580","B.theta frdA","ERR526067",10.496131920798
"1581","B.theta frdA","ERR526073",1.72162669159438
"1582","B.theta frdA","ERR526075",0.631919458033114
"1583","B.theta frdA","ERR526079",1.50230562919917
"1584","B.theta frdA","ERR526083",5.4343135188207
"1585","B.theta frdA","ERR526087",6.61205645665889
"1586","B.theta frdA","ERR7738276",7.52113991786308
"1587","B.theta frdA","ERR7738514",5.68524881727078
"1588","B.theta frdA","ERR7738546",2.86624272621914
"1589","B.theta frdA","ERR7738547",6.853845956079
"1590","B.theta frdA","ERR7738549",1.95376062919155
"1591","B.theta frdA","ERR7738562",16.3312766160897
"1592","B.theta frdA","ERR7738578",2.14959379888926
"1593","B.theta frdA","ERR7738597",2.98999830795398
"1594","B.theta frdA","ERR7738620",2.13851421092787
"1595","B.theta frdA","ERR7738633",2.95635706313709
"1596","B.theta frdA","ERR7738665",2.9935693554833
"1597","B.theta frdA","ERR7738937",6.83186656826563
"1598","B.theta frdA","mean_rpkm_FBEB",5.10441278075297
"1599","B.theta frdB","ERR525692",6.48288427322333
"1600","B.theta frdB","ERR525697",1.3056911400549
"1601","B.theta frdB","ERR525699",0.48813383751379
"1602","B.theta frdB","ERR525706",0.387812405112757
"1603","B.theta frdB","ERR525712",6.40955568510706
"1604","B.theta frdB","ERR525716",0.0902876587651034
"1605","B.theta frdB","ERR525720",0.771001672022101
"1606","B.theta frdB","ERR525725",3.32215799551552
"1607","B.theta frdB","ERR525729",7.26585090015414
"1608","B.theta frdB","ERR525733",1.33806542264415
"1609","B.theta frdB","ERR525737",1.53532457248075
"1610","B.theta frdB","ERR525741",0.915098008091925
"1611","B.theta frdB","ERR525746",1.27590155209652
"1612","B.theta frdB","ERR525751",3.88771379319741
"1613","B.theta frdB","ERR525753",2.15304733275263
"1614","B.theta frdB","ERR525757",0.789422583823521
"1615","B.theta frdB","ERR525759",1.43295872304594
"1616","B.theta frdB","ERR525763",0.981522233568926
"1617","B.theta frdB","ERR525771",0.725409405772244
"1618","B.theta frdB","ERR525775",2.18914416232698
"1619","B.theta frdB","ERR525779",1.71689124525033
"1620","B.theta frdB","ERR525787",2.13457451498443
"1621","B.theta frdB","ERR525799",4.58221988762061
"1622","B.theta frdB","ERR525809",1.93765101083153
"1623","B.theta frdB","ERR525813",3.14869208945771
"1624","B.theta frdB","ERR525815",1.43862744123628
"1625","B.theta frdB","ERR525819",4.66595732581487
"1626","B.theta frdB","ERR525823",0.315910183048287
"1627","B.theta frdB","ERR525831",2.01627259322952
"1628","B.theta frdB","ERR525835",4.94701014616693
"1629","B.theta frdB","ERR525839",3.22851837627864
"1630","B.theta frdB","ERR525847",3.68788105491985
"1631","B.theta frdB","ERR525851",1.13361996044925
"1632","B.theta frdB","ERR525855",5.72263872302178
"1633","B.theta frdB","ERR525859",2.44400117122695
"1634","B.theta frdB","ERR525863",1.59252641745285
"1635","B.theta frdB","ERR525867",1.55418678375645
"1636","B.theta frdB","ERR525871",3.73252599967893
"1637","B.theta frdB","ERR525875",11.2709305792316
"1638","B.theta frdB","ERR525879",2.06819036941328
"1639","B.theta frdB","ERR525884",3.56875371856583
"1640","B.theta frdB","ERR525889",0.374309764372527
"1641","B.theta frdB","ERR525893",1.01863001118875
"1642","B.theta frdB","ERR525895",3.04926181564178
"1643","B.theta frdB","ERR525901",2.21365777758503
"1644","B.theta frdB","ERR525903",0.140395126485595
"1645","B.theta frdB","ERR525911",1.62895649399838
"1646","B.theta frdB","ERR525915",0.750301573588433
"1647","B.theta frdB","ERR525919",3.53505075290041
"1648","B.theta frdB","ERR525923",1.71601783922871
"1649","B.theta frdB","ERR525928",8.87614236555953
"1650","B.theta frdB","ERR525931",10.0877732513478
"1651","B.theta frdB","ERR525935",3.07317105917362
"1652","B.theta frdB","ERR525953",2.4423174144688
"1653","B.theta frdB","ERR525955",1.46828353368112
"1654","B.theta frdB","ERR525959",6.92932524137838
"1655","B.theta frdB","ERR525967",3.25601836329237
"1656","B.theta frdB","ERR525971",1.10259613308274
"1657","B.theta frdB","ERR525975",0.892946421553826
"1658","B.theta frdB","ERR525987",0.658163554019846
"1659","B.theta frdB","ERR525991",4.18575278759186
"1660","B.theta frdB","ERR525995",2.24479578661626
"1661","B.theta frdB","ERR525999",2.92616338056203
"1662","B.theta frdB","ERR526003",3.16743632465873
"1663","B.theta frdB","ERR526007",4.23180006373942
"1664","B.theta frdB","ERR526011",2.04418882030675
"1665","B.theta frdB","ERR526015",1.10345484388164
"1666","B.theta frdB","ERR526019",2.28207893432435
"1667","B.theta frdB","ERR526027",1.5621046462404
"1668","B.theta frdB","ERR526035",1.75096967332564
"1669","B.theta frdB","ERR526039",3.42642181612115
"1670","B.theta frdB","ERR526043",3.21954265764932
"1671","B.theta frdB","ERR526047",2.25222993612913
"1672","B.theta frdB","ERR526051",1.65338814116615
"1673","B.theta frdB","ERR526063",3.71751036881343
"1674","B.theta frdB","ERR526067",5.0174444611121
"1675","B.theta frdB","ERR526073",0.728163420379263
"1676","B.theta frdB","ERR526075",0.534541705483749
"1677","B.theta frdB","ERR526079",0.95310209590177
"1678","B.theta frdB","ERR526083",2.64569479958625
"1679","B.theta frdB","ERR526087",3.66609792351022
"1680","B.theta frdB","ERR7738276",4.58750463525241
"1681","B.theta frdB","ERR7738514",3.86823843262059
"1682","B.theta frdB","ERR7738546",1.84728336827987
"1683","B.theta frdB","ERR7738547",3.99874525928098
"1684","B.theta frdB","ERR7738549",1.5578219563905
"1685","B.theta frdB","ERR7738562",10.3828028576467
"1686","B.theta frdB","ERR7738578",1.79093268345386
"1687","B.theta frdB","ERR7738597",1.70489812444793
"1688","B.theta frdB","ERR7738620",1.39845768030752
"1689","B.theta frdB","ERR7738633",2.01103171714787
"1690","B.theta frdB","ERR7738665",2.28620255272552
"1691","B.theta frdB","ERR7738937",5.01054785704446
"1692","B.theta frdB","mean_rpkm_FBEB",2.77016377584033
